정류소명,no
우만동4단지,1831
LG빌리지.두산기술원,1517
삼익아파트,1028
장안문,5446
영화초등학교,307
국제사이버대학교.인계사거리,421
서동탄역신일해피트리(중),381
금정역,350
병점역사거리,7944
상원초등학교.양지동청소년문화의집,788
삼성삼거리,461
경기대입구,522
새터마을,1365
수원버스터미널,1380
동수원사거리,1997
수원시청역9번출구.국민연금공단,2525
신영통현대타운.두산위브,3976
그대가프리미어아파트.망포역3번출구,15188
한마음외과,347
원영화남아파트,1599
국민은행,1195
수원역.AK플라자,22315
남수원초등학교,1495
기흥역3번출구,170
신미주아파트,395
죽미마을입구,1588
병점사거리,4459
중원사거리,2210
팔달문,6285
향남홈플러스,882
운암주공1단지.운천중학교,1188
오매장터.다나병원,1726
이매촌한신.서현역.AK프라자,820
화서역.화서2동주민센터,863
KBS수원센터.경기도노인회관,1243
장안공원,2435
풍림아파트,1280
파장시장.효자문사거리,454
여권민원실.풍림아파트,1046
영통구보건소.수원체육문화센터,310
벽적골태영아파트,1506
금곡동강남아파트,967
삼환나우빌아파트,1295
석수지구대,189
구서고.금상초교,353
신갈오거리,696
수원시평생학습관.연무사회복지관,695
수원종합운동장.로얄팰리스.아너스빌위즈,1263
수원역.AK플라자,16371
청구1차아파트,258
와우2리,1846
황제연립,606
세류2동주민센터,1786
수원버스터미널,3661
수원여자고교,939
수원역.노보텔수원,7727
수원KT위즈파크,896
관악역,548
수원역환승센터(12승강장),8349
상봉초등학교,312
매탄우남아파트,792
팔달구청.화성행궁.수원성지,3045
창우초교(중),3
웃거리,1107
매원중학교,274
수원센트럴타운3단지,737
수원역.역전시장,6614
경기대후문.수원박물관.광교대학로,1596
백현중학교,69
오리역,1367
미금역.2001아울렛,603
오리역,1238
조원동,427
한솔마을.LG아파트,175
미금역,2102
수원버스터미널,4275
세권사거리,539
아주대학교입구,4252
상현역,1737
원동초교,1639
서천마을2단지,602
내삼미동입구,506
신창미션힐.송화초교,8599
두산신일아파트,141
와우2리,653
칠보쌍용아파트,453
성균관대학교,385
푸른마을,890
미금역.농협.2001아울렛,1040
이마트,1986
한국전력경기사업본부.한라시그마팰리스,1940
장안지하차도.수원KT위즈파크,4195
신나무실아파트,2658
영통역,6466
서호초등학교,640
농촌진흥청,759
돌고지,35
덕신상가,539
성빈센트병원,3588
수원역.AK플라자,16599
서현역.AK프라자,3673
병무청입구,4291
파장시장입구,1395
프리미엄아울렛,519
정자종합시장,785
세무서.도청입구.신용회복위원회,2271
뉴코아아울렛.중소기업은행,911
삼성2차아파트,805
탑동초등학교.삼성아파트,1515
성모병원,632
신안인스빌2차,1240
병점역후문,3354
신한미지엔아파트앞,801
팔달문,5889
중심상가,464
대우푸르지오.호반베르디움2차,487
창룡문,649
수일여중.한빛현요양병원.경기도과학교육원,2348
궐리사.대우아파트,1059
권선동,74
백현마을3단지,391
올림픽스포츠센터,15
본오지구대,2
수영초등학교,706
수영오거리.방송통신대입구,142
상록수역,123
야탑역.종합버스터미널(후면),364
대일초교.학년쇼핑,348
우남퍼스트빌,512
능동마을입구,854
쌍용2차.성원3차.서원초중고,1259
KT수원지사.국민연금북수원지사,7153
수원시청사거리,668
모란역2.3번출구,344
MD아파트,59
신일해피트리1차,1746
내촌마을,161
영통역8번출구,5164
백현마을8단지,380
상현1동주민센터.금호베스트빌,1003
매탄권선역.그린빌주공6단지,1360
오색시장,610
금암마을7단지,764
세마역,1189
화서역,1684
신미주아파트,176
롯데캐슬.복합문화센터,955
칠보마을6단지.LG빌리지1차아파트,236
선일초등학교,3911
팔곡마을주공아파트건너편,54
당수동인정아파트.한라아파트,575
칠보마을5단지.가온마을3단지,786
당수초등학교.삼정아파트,394
아주대입구.우리은행,4918
동남아파트,383
상대원새마을금고,400
화서문.장안공원,1901
보정역.보정고등학교.동아솔레시티,149
의료시설부지,373
안녕4통,91
칠보입구,42
청와.쌍용.그대가센트럴파크아파트,2571
팔달문.수원백병원,2777
아주대.아주대병원입구.한국자산관리공사,5370
래미안영통마크원2단지,446
발안삼거리.바다마트,422
팔달구청.수원화성박물관,566
광교마을.린병원,790
운암주공2.3단지.운천고,2035
제일신용협동조합,2578
반월1통.빅마켓앞,522
매탄성일아파트,3223
화서역.화서주공3단지,2039
장안문.수원전통문화관,2441
의왕소방서.솔거원효아파트,431
목련선경아파트,2402
삼성1차아파트,777
신나무실아파트,1922
구운오거리.경기중소기업성장지원센터,1090
우만아파트,1123
우성아파트,1765
세권사거리,289
남한산성입구,343
서해.쌍용아파트,976
메타폴리스(중),1817
의왕소방서.원효솔거아파트,256
천천초교.천천고교,716
능동은행사거리,854
안녕농협삼거리,457
오목동태산아파트,443
수원대학교,1993
주공12단지,340
오전동주민센터,844
살구골동아아파트,1445
물향기수목원오산대역.금암동,1335
광교오드카운티,61
동천동현대홈타운2차아파트,210
인계삼성래미안,129
아주대.아주대병원입구.한국자산관리공사,3990
반월1통.빅마켓앞,374
매산시장,10952
죽전역.포은아트홀.죽전2동주민센터.신세계경기점,1514
성복역.두산기술원,2525
상대원새마을금고,143
수원역환승센터(7승강장),1755
능동주공단지,602
메타폴리스(중),3598
한빛마을(중),3651
광교역사공원.광교카페거리,380
화성행궁,3049
오산터미널,1520
탑마을주공8단지,313
수원고용복지플러스센터.동수원병원.라마다호텔,2163
광교중앙.아주대역환승센터,1534
살구골.서광아파트,381
제일아파트.대호중학교,913
비행장입구.세류역,2082
권선중학교,227
궐리사.오산대학후문,325
신남3통.서부경찰서,64
부림중학교,424
고천.의왕시청,2017
아주대삼거리,5383
상공회의소,1087
법원사거리,2443
수원시청.수원일자리센터,1778
매탄주공4.5단지,1542
우림.대한아파트,724
진안5통.병점육교,205
송산동입구,1114
상현1동주민센터.금호베스트빌,420
상현역,792
황골주공.벽산아파트,2205
청명역3번출구,2363
정자초교사거리,931
수원월드컵경기장.동성중학교,444
황골마을,3159
정자종합시장,1463
수영초등학교,734
동문아파트.협성대학교.봉담중고교,439
수원대학교,3807
휴먼시아6단지,613
상대원시장.국민은행,366
망포블루밍.삼정라츠아파트,3604
수원역환승센터(3승강장),3481
엘지아파트.금강아파트,1472
정자3동주민센터.정자동중심상가,4861
한국은행,1898
청솔주공아파트.효천초등학교,475
수원역환승센터(8승강장),4199
남수원현대아파트,635
동부출장소앞,395
영통역6번출구.영덕고등학교,1957
수원여자고교,1336
경기일보.한일타운,4074
수원산업단지,150
한국농수산대학,39
반도유보라.대우푸르지오,963
칠보입구,371
농촌진흥청,1339
가족여성회관.이춘택병원.수원농협,1419
신안아파트,887
동남보건대학,728
성균관대역.고용노동부경기지청.율전성당,3737
정자3동주민센터.정자동중심상가,2657
매교역5번출구.경기도박치료센터,464
홈플러스.벌말초교,6269
교육청사거리,568
연화장,59
태평양화학.삼성전자입구,1910
풍림아파트,2665
원희캐슬프라자,1161
교육청사거리,362
한일타운.경기일보.홈플러스,4533
선바위역,53
성균관대역,333
매탄삼성1차아파트,1785
호매실스위첸19단지.능실마을22단지,724
SK스카이뷰,410
수원역환승센터(9승강장),2067
광도와이드빌.우남그린빌,1256
오산시청.운암주공4단지,1247
GS아파트정문,371
송원중학교.수원서부교회,1613
이마트,2173
수원종합운동장.수원시체육회관,862
여월농업공원.여월휴먼시아4단지,17
한화.호반,354
만석공원.정자초교.벽산아파트,945
흥덕지구중심상업지구앞,859
한림대병원(중),2892
상록.테크노밸리.GS자이,414
나래학교.LH65블럭.하우스디더레이크,932
한일타운아파트,980
융건릉,220
경기도경제과학진흥원,1158
창룡문.연무대,363
평촌시립도서관,175
장안공원,1994
삼미.쌍용아파트,173
경기도보건환경연구원.파장시장.광교산입구,3371
광교호수마을.LH휴먼시아,789
아주대병원,1955
조원시장입구,845
세무서.도청입구.신용회복위원회,3190
블루밍푸른숲아파트,2712
나루마을상가,393
벌음동,15
죽미마을10단지,270
세류3동주민센터.버드내노인복지회관,1095
수원역환승센터(1승강장),2909
팔달구청.수원화성박물관,452
운암주공5단지.운암중학교,1542
안양역,883
부흥고등학교,185
동탄역(동측),1463
성호아파트,597
모란역6.7번출구,309
풍성신미주(중),392
의왕역,111
서동탄역,86
망포역1번출구,137
망포늘푸른벽산아파트후문,376
세류사거리,1789
예당고사거리,381
자유총연맹,149
2001아울렛,3830
장안구청,349
효성초등학교,692
이매촌한신.서현역.AK프라자,1473
세교13단지,246
수원북중학교,1522
향교.팔달보건소.중앙침례교회,1014
연무중학교.써밋플레이스광교,278
수원농협권선지점,730
수원센트럴타운3단지,555
삼성아파트,174
영통롯데아파트,2656
무궁화전자,376
광교카페거리.대림e편한세상,423
영통역7번출구.영덕고등학교,2118
뉴코아아울렛,2525
수원고교,208
세마대,489
롯데시네마,1019
외삼미동,145
안화초교.주공8.9단지,445
송산동입구,664
세교중심상가앞,1386
대림아파트,621
KT수원지사.국민연금북수원지사,2036
남수원초등학교,2288
금화마을입구,24
세류사거리,741
동부출장소.병점초등학교,6051
모아미래도아파트,151
화서시장.화서사거리병무청입구,2983
청명역1번출구.청명산,2017
참누리아파트.기산중학교,515
신미주아파트.주공6단지,465
주공11단지.우남퍼스트빌2차,1205
화남아파트,133
성지산업,902
수원여자대학교입구,1846
동탄2동주민센터,1213
능동마을입구,1425
수성중사거리,565
복합문화센터,2597
예당예원초,280
다은마을(중),1922
극동.풍림아파트,631
래미안영통마크원1단지,428
영통구청.상지문고,2154
법원사거리,4624
수영오거리.방송통신대입구,307
광교공원.경기대입구,852
신갈초등학교.신갈오거리,462
개나리공원,652
태장면고개,477
경기대후문,25
동천역,525
자연앤데시앙,207
오산역.오산터미널,3981
한국2차아파트.산남중학교,967
매탄위브하늘채,1869
세류현대아파트,1717
당수동인정아파트.한라아파트,400
훼미리타워,1864
반월2통,361
관악타운,240
세명프라자.하나은행,334
상대원시장,624
래미안영통마크원1단지,469
향교.팔달보건소.중앙침례교회,1170
경기도박물관.금화마을입구,20
정자역,793
우미제일.전하리교회,2087
두진아파트,279
권선초교,635
미영아파트,952
세류역,2171
비봉중고등학교,237
북양산업단지,8
백토리상공회의소,18
신구대학사거리,376
구서고.금상초교,533
용주사,71
동화휴먼시아1단지,12
서현역.AK프라자,2488
우남아파트,128
화서역.화서주공3단지,466
율현중학교,1298
우방아파트.한화아파트.SK아파트,572
성균관대역,2695
광교역사공원.광교카페거리,529
북양교차로,2
남양뉴타운,476
가재4리.해병대보급중대,46
매교다리,2794
늘푸른아파트.오산초등학교,47
정남초등학교,45
세마역,2929
뉴코아백화점,38
송탄출장소,73
화서오거리,1573
행림마을.삼성래미안,502
한화꿈에그린2차,220
경기동부보훈지청,113
금호아파트.성원아파트,93
청명역4번출구,746
미금역.청솔마을.2001아울렛,2135
탑골1길,1214
동화휴먼시아2단지,356
망포블루밍.삼정라츠아파트,1235
구운동하이마트,683
보훈교육원,795
반정리,45
지역난방공사.신나무실쌍용아파트,1073
성빈센트병원,1050
영통입구,530
박지성삼거리,357
발안삼거리,932
고천.의왕시청,791
삼익3차아파트,1033
농수산물유통센터,742
롯데백화점.범계역,1099
신남1통,14
화성시청,25
대우푸르지오,386
경기남부지방경찰청.봉녕사입구,193
수원시평생학습관.우만주공아파트,1485
화성초교,97
수원시청역8번출구.씨네파크,2802
천천중학교,1099
주공4단지,690
래미안영통마크원2단지,872
여권민원실.풍림아파트,635
반송초중교,158
등기소.법원.대호초등학교,369
남촌오거리,237
서둔동주민센터,236
한일베라체.행정초교,108
신촌마을2단지.포스홈타운,115
홈플러스서수원점,402
창현고교.아주대학교.유신고교,474
영동시장,2609
상현역,143
풍덕고교.성원아파트.현대아파트.지역난방공사,309
상갈역,622
화서1동주민센터,133
호매실GS아파트,552
동부지구대.수원시장기요양지원센터.수병원,743
남한산성(종점),46
성남우체국,131
궐동,644
칠보마을5단지.가온마을3단지,972
경희대학교,1655
은계주공아파트.리버빌아파트,202
영통주공9단지,656
부천중학교,2
보정동주민센터,313
센트라우스,337
새터마을,485
백현마을3.4단지.화랑초등학교,821
수지구청역,3071
갈곶동.동부아파트,1919
오산시청.운암주공4단지,1169
용인운전면허시험장,240
남부경찰서.매원초교.성일아파트,576
벽산아파트,532
구성역3번출구,244
호계3동주민센터,768
범계사거리.호평지하도,764
원천주공2단지,570
평생교육학습관.남수원중학교,411
주공7단지앞,571
LG빌리지.두산기술원,230
SK매직.우림그린빌리지,244
로얄팰리스,900
아너스호텔,851
신곡동,441
수원중학교,74
성균관대학교,1223
2001아울렛,4529
세곡사거리,48
센트라우스,613
선일초등학교.수원아이파크시티,2943
수원시청역2번출구.벽산그랜드코아,922
능리교차로,890
청현마을입구,154
화성행궁.여민각,59
가재1리입구.자연샘,19
대우푸르지오.반도유보라,612
전하리교회.우미제일,1800
신미주아파트앞,459
분당경영고.청솔중,370
글로벌청소년드림센터.굿모닝하우스,950
주접지하도.삼익아파트,227
명학역,339
곡선새마을금고.권선자이e편한세상,747
경기소방본부,152
비상활주로.곡반정동입구,808
대림아파트,1342
곡반정동차고지(경유),35
우만신성아파트,773
무궁화전자,549
동수원우체국.삼성래미안,2526
쌍용예가,1584
산남중학교,74
황골벽산아파트,1877
서호중학교,139
세류1동주민센터,390
수원가구거리,192
꿈빛나래청소년문화의집,70
곡반초등학교,1180
태영아파트,611
능동주공단지,829
삼성전자,1033
지역난방공사.신나무실쌍용아파트,820
오산교통차고지,15
송원중학교.수원서부교회,502
서호초등학교,1424
청명호수마을,139
현대그린프라자,928
예솔초.호반2차.대원2차,963
이주택지.상록.경남아파트,2327
의왕지구대.글로벌도서관,912
에일린의뜰.포스코,117
신리천,116
한화꿈에그린아파트,372
태평양화학.삼성전자입구,1148
웃거리,621
매탄고등학교.매탄위브하늘채,685
황곡초등학교.주공아파트,415
남양사거리,1020
광교테크노밸리.푸르지오월드마크,677
신창2차아파트,348
미금역.청솔마을.2001아울렛,1485
처인구청.용인농협,70
와우농협앞,261
탑동초등학교.삼성아파트,955
경기도건설본부.경기도동물위생시험소.칠보마을7단지,547
남산공단입구,290
골사그네,48
풍산아파트.벽산아파트.힐스테이트,1786
호매실마을13단지.호매실도서관,180
주공5단지,708
능실초등학교,194
팔탄입구,18
하탑중학교,258
권선초등학교,549
IT단지(중),1918
필봉초교.신장동주민센터,605
대우아파트,664
삼성반도체,1808
예당고사거리,362
청명역6번출구.황골주공1단지,760
안산역,119
율현중학교,865
경기도인재개발원.경기연구원.경기도평생교육진흥원.경기도가족여성연구원,725
수일여중.대우건설기술연구원.경기도과학교육원,317
SK스카이뷰.다솔초등학교,621
주공5단지,397
숙지공원.화서동굿모닝힐.화서다산도서관,522
서수원버스터미널,379
온누리교회,1156
송탄역,14
하북차고지,4
매교역3번출구.성원아파트,817
위례서일로마을입구,8
밀알교회,71
우방아파트,599
호반3차.신리고,409
동탄1동주민센터,2566
한국가스안전공사.택시공제조합,220
죽전역.수지레스피아.죽전2동주민센터.신세계경기점,1306
수원컨벤션센터.롯데아울렛,1322
원희캐슬.센트럴아이파크,2167
병점화남아파트,631
반월초등학교,289
우방아파트,1853
창룡문,627
KBS수원센타,744
장안등기소.성우아파트,1385
하탑중학교,243
구매탄시장입구,867
무궁화한양아파트.방축사거리,402
현대홈타운,179
현대모닝사이드1차,35
통미마을.보라1동,278
열녀문사거리,14
수원버스터미널,1996
이마트앞,910
백현마을4단지상가,600
서울대병원,484
삼동.갈마주유소,53
도촌북로입구,543
아튼빌후문,31
권선사거리.SK뷰아파트,484
숲속자연앤,133
아주대학교입구,1025
삼성반도체정문,929
수원전통문화관.장안동,5560
크리스찬교회,278
중심상가.화성고용센터,1351
광교센트럴타운62단지.힐스테이트레이크,172
중앙대.롯데캐슬아파트,13
수원시청역3번출구.서울보증보험,1482
수원시평생학습관.우만주공아파트,603
수원시청역1번출구.국민연금공단.경인일보,800
세마대입구.세마대사거리,187
이목동.장안STX칸,854
경희대정문,165
정자초교사거리,518
만석공원.정자초교.벽산아파트,611
장안문,1020
보훈원복지타운.보훈요양원,782
중소기업은행,2442
매교역7번출구.문화맨션,967
새터마을,50
롯데백화점.범계역.엔씨백화점,140
동오리,27
곡반정동차고지,702
경기문화재단.매탄주공4.5단지,1386
비산롯데캐슬,70
국민은행.엔씨백화점,303
매화마을주공3단지,174
영통빌리지,899
아주대병원,885
반월리큰고개,3103
블루밍푸른숲아파트,744
수원고용복지플러스센터.동수원병원.라마다호텔,1678
광교호수공원입구,329
한국물류센타,670
KT수지지사.물류센터,317
대우푸르지오,511
극동아파트,692
육탄10용사기념공원,172
그린피아호텔,538
수원원일중학교.매원고등학교,177
법원가사과.동수원등기소,80
(구)단대동주민센터,113
발안농협,4
호계사거리.호계전통시장,723
평생플러스빌,771
우미아파트,672
정남파출소,95
고잔고,30
한양대입구,452
동탄1동주민센터,1212
수원고용복지플러스센터.동수원사거리.삼성생명,1245
대우3차아파트.궐동,1076
모아포스코아파트,139
농수산물시장.포일단지입구,41
영통구청,393
구운동주민센터.서수원도서관,930
신안아파트.글로벌도서관,1168
광교호수마을.LH휴먼시아,342
동양파라곤,39
한화꿈에그린,334
상록.경남아파트.이주택지,1676
농수산물센터,525
한일초교,150
민속촌입구,237
죽전동성2차아파트,389
세류사거리.세류2동주민센터,1296
서부공영차고지(경유),303
현대홈타운.풍림아파트,527
광교호수마을.LH휴먼시아,1162
구갈초등학교,14
대우아파트,855
무궁화코오롱.건영아파트,475
운암주공5단지,983
반도5차,220
죽미마을입구,1217
오산대역.금암동입구,862
화성중앙병원.발안초등학교,753
서둔동차고지(경유),9
엘림복지원,32
효성초등학교,619
상공회의소.수성고교,425
한솔프라자,555
진흥아파트,448
예당마을.롯데캐슬(중),1004
초입마을.삼익풍림동아아파트,1053
봉담휴먼빌아파트,742
수원출입국사무소.살구골공원.영통역3번출구,596
진안동,957
황계동,63
상록마을(임광.보성).미켈란쉐르빌,635
안양예술공원,226
수직리,46
동천동현대홈타운1차아파트,78
우방한솔아파트,144
신미주아파트,57
센트럴파크,441
화서위브하늘채,380
평택시외버스터미널,170
세류3동주민센터.버드내노인복지회관,1784
매교역4번출구.경기도박치료센터,363
호반베르디움.롯데캐슬,593
수지구청.수지우체국.롯데마트,73
현대아이파크10단지,790
수지구청역,1418
한진아파트,441
세류2동주민센터,1477
반월리큰고개,2636
병점입구.화남아파트.병점육교,1210
영통입구,1217
서원말.심곡서원.상현지구대.금호.현대아파트,842
풍덕고교.성원아파트.현대아파트.지역난방공사,117
병점역후문,477
우남블루존아파트,514
동수원세무소.영통역2번출구,945
부흥고등학교.임광아파트,164
삼성아파트,304
목련마을,231
청솔주공6단지,231
푸른마을,650
천천리검문소,123
농수산물시장,414
오매장터.다나병원,388
참누리아파트.기산중학교,643
수성중사거리,303
서수원터미널.이마트,808
호수마을아파트.그린빌12단지,32
금정역.서진산업,230
우남아파트,394
풍성신미주아파트(중),289
삼성아파트입구,17
합정동주공3단지후문,15
고려냉동.고려냉장,41
평택역.AKPLAZA,242
칠보초등학교,237
매탄주공4단지,937
상기리입구,205
미금역.2001아울렛,1616
야탑역.종합버스터미널(전면),762
대림아파트.양산도서관앞,198
롯데마트,55
정자3동주민센터,98
신양아파트사거리,262
동문아파트.삼성2차아파트.동부아파트,369
율전성당.성균관대역,1444
곡반정동입구,758
서호중학교,125
모아.반도아파트,950
풍림아파트,668
매원중학교,465
서둔동,607
현대홈타운,358
서천마을3단지,78
구운중학교,1126
신영통현대타운.두산위브,1600
농서리,693
영통구청,1221
반도3.금강,783
SK스카이뷰.SK아트리움,1750
수원시청.수원일자리센터,850
권선시장앞,331
우남아파트,341
신한아파트,39
서천마을입구,110
수원아이파크5단지.곡정초등학교,63
벽산블루밍아파트,1225
파장시장입구,475
신일우남아파트,425
남한산성입구역.법원검찰청,181
고등동주민센터,471
미영아파트,279
자유총연맹,261
수원시청사거리.윌스기념병원,379
운암주공1단지.운천중학교,652
용인운전면허시험장,270
용현주공아파트.306보충대,2
태안119안전센터,30
재래시장앞,444
호계사거리.호계전통시장,512
대광아파트,103
화서문로터리,1859
삼성1차.보원.건영아파트,355
통계청.태평역,72
신동아파밀리에,92
죽현마을.단국대학교입구,639
상현마을현대2차아이파크,454
한신대스쿨버스정류장,120
세교중심상가앞,744
수원역환승센터(5승강장),150
대림아파트.양산도서관앞,181
이마트.삼성명가.성원아파트,196
경기도박물관입구,365
엘지아파트.금강아파트,573
병점입구.병점육교.화남아파트,1718
동탄차고지,203
우방아파트.한화아파트.SK아파트,267
삼성아파트.현대모닝싸이드아파트,306
벽적골주공아파트,1169
관악타운,411
다은마을(중),2420
백현동행정복지센터,592
산의초등학교.광교삼성래미안,156
성호아파트,303
서동탄역,10
신명스카이뷰.우미린,137
율전초교,35
가온마을4단지,182
갤럭시웨딩부페,521
우남퍼스트빌,498
예당마을.롯데캐슬(중),1163
진흥아파트,440
한림대성심병원,158
파밀리에(아).인계동주민센터,1064
신명아파트,531
삼환아파트,1057
상록수역앞,766
한빛마을.석우중학교(중),1264
평택터미널,23
축산물유통센터입구,820
수원KT위즈파크.행정동우회관,1216
KT동수원지사,737
매탄초교,1370
원천주공2단지,981
칠보마을5단지,104
평성교회.호정타워,30
매홀중학교,70
팔탄공단앞,2
KEB하나은행발안지점,330
부처내,63
안양역,177
신구대학.향군회관,351
성남중원경찰서,431
남한산성입구역.법원검찰청,364
신동단독택지,931
세평지하도,68
주공10.11단지,432
수원산업단지,410
상대원시장.국민은행,784
반월3통,283
세미초등학교,409
월드반도.노작마을,162
문화예술회관.고용복지플러스센터,329
안화고등학교,136
선일초등학교.수원아이파크시티,90
평생교육학습관.남수원중학교.온수골,321
죽현마을.단국대학교입구,394
스파팰리스리가아파트,22
구운동강남아파트,397
동천동현대홈타운1차아파트,222
세권사거리,268
장미아파트.버드내도서관,1094
삼성아파트,403
교육청사거리,131
숙지중고교.서호공원,644
마도사거리,106
금암제2공원.12단지,60
남촌,201
풍림아파트,188
한신아파트,325
병점고등학교,171
궐리사.대우아파트,352
벼락바위,1
안용중학교.현충탑,238
구성역,81
농천교회,582
세원아파트,269
동탄이마트.한림대병원,440
삼성삼거리,1088
매교역6번출구.문화맨션,412
청구1차아파트,670
가족여성회관.이춘택병원.해움미술관.수원농협,2605
동문아파트,818
삼성1차.보원.건영아파트,532
신동단독택지,198
곡반중학교,1901
수원센트럴타운2단지.세류동성당,128
동탄이마트.한림대병원,1244
주공1.2단지,372
동신아파트,908
죽전초중고교.대현초교,358
농협.홈플러스,27
매향동,371
물푸레마을7.8.9단지,61
경기동부보훈지청,267
둔전초등학교,33
흥덕마을2단지,103
신구대학.향군회관,195
청솔한라아파트.롯데마트,405
삼익아파트,328
세류2동주민센터,655
벽산블루밍아파트,363
호계삼거리,135
광명경영회계고교,6
쌍동리경기주유소.광주하남예비군훈련장,3
도촌북로입구,99
문학1리,51
두곡리,17
구운사거리,204
흥덕마을6.7단지,334
대진화학,1527
범계사거리.호평지하도,399
신기초등학교후문,7
군포시평생학습원,80
원효충무아파트,135
대평중학교,468
롯데백화점.구리역입구(중),84
수원미술전시관.만석공원,637
한림대병원앞,293
수원월드컵경기장.아름학교,157
청소년문화센터,443
중앙병원,207
칠보중학교.칠보고등학교,282
파밀리에(아).인계동주민센터,606
그린빌주공5단지,338
GS자이아파트후문,246
반도유보라,184
KT.주택전시관,622
대일초교.학년쇼핑,563
녹산문고앞,2005
아랫머드내.신동아자동차학원,60
융건릉,89
장안대학,104
경기도보건환경연구원.삼익아파트.광교산입구,632
주공4단지,124
삼성아파트,80
매탄고등학교.그린빌주공1.2단지,1015
반석초등학교,1780
포도원.현대.대림아파트.유한양행,2171
판교역.낙생육교.현대백화점,95
글로벌청소년드림센터.굿모닝하우스,1228
대원터널사거리.우리은행,751
고등동구터미널,659
풍산아파트.벽산아파트.힐스테이트,834
한국가스안전공사,1210
대림대학,276
호계2동주민센터,582
세류역환승주차장,144
중앙병원,144
기업은행,19
화서역,805
풍덕천2동주민센터.현대성우아파트,703
신창미션힐아파트,3
정든마을.우성아파트,301
권선시장앞,709
주접지하도.삼익아파트,91
농수산물센터,180
세류중학교.아세아시멘트,630
장안등기소.성우아파트,2464
한성아파트.한국아파트.현대1차아파트,393
정자3동주민센터,365
원리,33
팔곡주유소건너편,73
반송고등학교,459
한화꿈에그린,358
발안삼거리.바다마트,241
사강시장,77
한국산업인력공단,170
현대아이파크10단지,570
단대오거리역.세이브존,247
KB손해보험인재니움,1076
래미안영통마크원2단지,1275
원대마을.한신아파트,250
원천주공2단지,491
세류1동주민센터,553
수원역,603
견산1리,51
하북삼거리.진위역,552
광교테크노밸리.푸르지오월드마크,854
파크타운.양지마을,649
성복역2번출구,181
주공7.8단지,344
운암주공2.3단지.운천고,829
돌다리.구리전통시장(중),47
양주역,16
양주역,2
금성아파트.한국2차아파트,107
가구단지입구,402
한양아파트후문,42
제일아파트.대호중학교,541
구운동성원아파트.일월먹거리촌,724
힐스테이트영통,41
동남보건대학,775
광교이마트,12
수원대학교,384
원효충무아파트,59
우림그린빌리지,716
내리주유소,3
강남대역.강남대입구,372
정곡경로당,10
광교산,110
동백고.풍림코아루.호수마을서해그랑블,35
태영.대우아파트,803
동화휴먼시아2단지,580
매화마을사거리.장미마을8단지,4
양노3리,70
수촌마을,21
한보라마을입구,75
광교지웰홈스.광교마을40단지,577
SK스카이뷰.SK아트리움,738
동화휴먼시아6단지,255
모란역5번출구,107
레이크사이드골프장,3
유천교,290
화서오거리,316
동원동,124
광교중앙역.광교고등학교,727
한일타운아파트,732
수일중학교,644
금성마을,213
남부시장,135
서호중학교,79
연무동차고지,791
수원지방법원,255
한국에너지공단.여성회관,312
e편한세상,323
중원사거리,692
우남블루존아파트,196
수원월드컵경기장.동성중학교,740
대평중학교,304
광교호반베르디움,465
에일린의뜰,14
수평사거리.우림아파트,2
대림대학,244
센트럴하이츠아파트,175
신갈.기흥중학교.삼익아파트,288
체이스컬트,31
세마중고교,764
대림아파트,285
센트럴힐즈.금강,558
살구골현대아파트.영통역4번출구,218
본오동우체국,82
화서시장,562
정든공원,414
후사1리앞,1
자연앤아너스빌,410
현대그린프라자,749
용인터미널,63
모아미래도.우림필유(중),313
LH65블럭.하우스디더레이크.나래학교,312
KT남수원지사,455
대선초.e편한세상영통2차아파트,268
화서문로터리,484
새마을연수원입구,23
반도.모아아파트,1214
샘내현대아파트,1084
11단지주공아파트,24
경기남부보훈지청.경기도교육청,149
광교중앙.아주대역환승센터,494
로얄팰리스,425
경남아너스빌.동신아파트,1060
정자역,204
황제연립,78
연무시장입구,335
안녕동,267
수성중학교,62
은행시장.남한산성시장.은행동청소년문화의집,711
발안초등학교,501
세류2동.세류역환승주차장,93
상률초교,126
한라.이림아파트,638
그린공원앞,96
까치마을.건영빌라.2001아울렛,119
한양아파트,16
경기도경제과학진흥원,346
경남아너스빌,42
모곡동,2
남양중고교입구,23
세류사거리,594
자이.우남퍼스트빌,237
동탄역(서측),735
동양파라곤,788
호계아크로리버,89
축산물유통센터.수원아이파크4단지,124
동오사거리,129
구운동주민센터.서수원도서관,6
수촌3리,15
동탄초교,132
청록웨딩부페.군포사거리,116
정남도서관,48
UN참전기념공원앞,42
권선사거리.SK뷰아파트,268
상미마을.신갈오거리,464
영일중학교.수원출입국사무소,321
동안구청.달안초등학교,388
당동우체국,33
상현중학교,106
정자청소년수련관.분당클리닉,79
광교역.광교대학로,241
KT동수원지사,1169
신곡동,825
화성초교,127
성원아파트.이지더원,481
죽전초중고교.대현초교,544
수지이스트파크.덕윤프라자,207
파크타운.롯데아파트,669
고림동.삼정그린뷰,2
이마트,286
삼화리,76
안산시흥교회앞,2
안산역(도로변),246
연무동,844
팔달문,1342
신풍초등학교.자연앤자이,353
세류2동,740
칠보쌍용아파트,118
호반베르디움3차,453
황골쌍용아파트,370
세교근린공원,20
이주단지,129
야탑동주민센터.돌마초교.야탑역.뉴코아,656
화서오거리,185
구운동,246
수영오거리.방송통신대입구,565
서동탄역신일해피트리(중),715
덕리,47
왕림휴게소,190
왕림휴게소,34
언창공단,9
역북초등학교.삼환나우빌,58
그린빌주공5단지,736
입북동주민센터,32
하안주공2.9단지,5
주공아파트,450
동성1차아파트.죽전패션타운,388
경기남부보훈지청.경기도교육청,225
가게앞.평동,92
성어공원.시외버스터미널,38
수지고등학교.삼성4차아파트,327
이매촌한신.서현역.AK프라자,46
지월리입구,3
이의초중고교.광교참누리레이크아파트,219
덕절리,385
수지이스트파크.덕윤프라자,335
U-City센터앞,318
꽃메마을2단지,33
이지더원,108
한솔아파트.한림도서관,589
한림대병원(중),1365
부곡1단지아파트후문,4
삼정선비마을,27
을지대학교.생활관,358
오리역,63
동부센트레빌.동일하이빌1차,118
영통구청,569
평동,44
한보라6단지,81
이목동.장안힐스테이트,330
부림중학교,9
신미주아파트,687
관악역,195
능실마을15단지,357
향남읍사무소,309
상현마을현대2차아이파크,638
수지프라자.한국아파트,242
한일마을,427
AK플라자2층,90
대명고등학교,149
가온마을3단지,737
대명고등학교,218
오산대역,159
신리천,156
롯데케슬정문,423
남양읍주민센터,50
오목동태산아파트,83
보라쌍용아파트,41
한미약품,1110
주공7단지.한솔종합사회복지관,665
경기남부보훈지청.경기도교육청,346
루터대학교,67
안양중앙시장.안양고용센터,86
유한양행,825
성남시영생관리사업소,8
도촌단지입구,145
진위면신리,20
대지고등학교.전내교차로,399
내대지마을.힐스테이트,93
역곡역.역곡남부시장,19
청구아파트,288
화서동먹거리촌.꽃뫼노을아파트,182
신창미션힐,562
내삼미동.호반베르디움,134
동천역,150
하안사거리.12단지,7
매탄공원,648
정든마을.우성아파트,269
호매실마을14단지.장애인종합복지관,419
구운사거리.농수산물유통센터,297
오이도중앙로입구,9
장안문,334
융건릉사거리,88
수영오거리.신창아파트입구,111
고등동주민센터,571
임광그대가3단지,304
판교역동편,148
호반베르디움.롯데캐슬,328
이노플랙스,127
신창아파트,435
동천역.배송단지,167
서수원버스터미널,204
삼성아파트,287
두견마을,384
인현마을,5
영통뜨란채아파트,203
오색시장,399
숙지중고교.서호공원,467
야탑2동주민센터.차병원,24
와우농협앞,654
흥덕마을8.10단지앞,479
미사강변8단지.단독주택1단지,1
행복주택,132
구운중학교,853
삼환나우빌아파트,299
구문천공원,17
궐리사앞,182
한라아파트.이림아파트,211
권선아파트,805
대림아파트,307
경기도건설본부.경기도동물위생시험소.칠보마을7단지,74
동원고교.해우재입구,190
고고리마을입구,11
화성중고등학교,33
금호어울림,239
현암마을,47
숭신여자중고교.래미안금광아파트,6
곡반중학교.수원아이파크,155
보정동카페거리.죽현마을,263
수원신학교,4
오산청호아파트,326
주공5단지,175
신일초등학교,1
상록.테크노밸리.GS자이,1100
동화중학교.동화초등학교,118
백현교차로,50
KBS수원센터.LG화재,257
수원농생고.수원북중학교,104
비석거리입구,20
동탄2부영아파트,286
목현2리.낚시터,28
대원터널앞사거리,45
밭말길입구,3
고천동주민센터,662
호수마을.LH휴먼시아,92
수원시평생학습관.연무사회복지관,427
수원월드컵경기장.아름학교,225
진흥.천천푸르지오아파트,951
한일마을,268
동탄2동주민센터,279
안양역,210
구성삼거리,107
기흥역1번출구,56
신갈역.새릉골,48
천지사입구,4
신동아아파트,599
동탄역.포스코,62
기산베스트빌,81
벌터교차로(경유),8
호계종합시장,314
법원검찰청.안양과천교육지원청,121
우남아파트,608
호매실마을13단지.수원시보훈회관,399
이매역,318
루터대학교,92
정부과천청사,23
영천초.계룡,444
삼성반도체후문,1658
고매사거리.고매농협,358
영일중학교.수원출입국사무소,847
산의초등학교.광교삼성래미안,382
조원1동,177
한마음초교.광명메이루즈,236
합동신학대학원,17
용인포은아트홀,694
동일하이빌.화성고용센터,581
박달2동주민센터.한라비발디아파트,53
시외버스터미널.교보생명,47
초입마을.삼익풍림동아아파트,448
상현교차로.현대2차,249
대원사거리,234
동호상가,161
KBS수원센터정문.한화생명,365
수지중학교,431
금암마을3.4.5단지,542
평택여중사거리,32
입북동삼거리,17
늘푸른오스카빌,203
남양사거리,352
롯데백화점.엔씨백화점.범계역.동안경찰서,70
금암마을3.4.5단지,379
병점정형외과(경유),25
안녕농협삼거리,975
진안동,622
남양뉴타운1단지,6
극동아파트,5
영천유.금성백조,320
광교호수공원.스텝파크,71
태장초등학교,878
아발론호텔,98
법원가사과.동수원등기소,555
행림마을.삼성래미안,447
수지중학교,366
기천저수지,7
자목마을입구,33
당수동시민농장,64
서호중학교,200
장지천,102
재래시장.마도삼거리,36
갈천리,40
안산역(도로변),78
탑마을대우아파트.선경아파트,6
신흥역.종합시장,76
매교역2번출구.성원아파트,627
수원중고교.연향아파트,108
야막리,58
남부종합사회복지관,401
이목동입구,177
상지석.대우.진흥아파트,97
제일교회앞,51
임광1.2단지입구,545
화서동먹거리촌.꽃뫼노을아파트,281
수원시보훈회관.호매실마을13단지,150
기흥역,490
효자고개.용인정신병원,43
대대2리.하리,2
부대앞,2
정왕어린이도서관.정왕시장,8
상미마을.신갈오거리,102
꽃메마을.새에덴교회,76
꽃메마을.현대홈타운3단지,43
구운오거리.경기중소기업성장지원센터,598
새강주공휴먼시아,169
나루고등학교,576
이마트,375
이주단지,92
태장면고개,516
평택역.AKPLAZA,183
숲속자연앤,305
경기도박물관,87
근영심포니아파트,59
문화예술회관.고용복지플러스센터,90
창박골,13
안양역,78
칠보입구,10
정자2동주민센터.수성고등학교,233
동탄역.포스코,363
메타폴리스,183
연원마을.LG.벽산아파트,269
향남읍사무소,263
탑동입구.이림아파트,448
모아미래도아파트,153
탑동사거리,737
명성주유소,5
운동장.송담대역,34
운동장.송담대역,24
세류중학교.아세아시멘트,361
성결대학.안양아트센터.명학역,34
경남아너스빌,354
수원농협권선지점,174
수원역환승센터(4승강장),522
그린빌8단지,2
상록수역,670
동화휴먼시아1단지.상봉초등학교,258
대방노블랜드,39
가톨릭대학교,86
하원초등학교,7
동남아파트,26
풍덕천2동주민센터.현대성우아파트,492
사강복지회관,89
소하1동주민센터,8
육교사거리(경유),52
동수원중학교.성일아파트.한국1차아파트,673
코스트코광명점,4
수원KT위즈파크.수원종합운동장,334
이마트.삼성명가.성원아파트,159
관항2리,1
궐리사,107
신백현초등학교,20
경기도립수원의료원.두견마을,228
롯데에코입구,5
한솔초등학교,159
기흥역,427
판교역북편,39
창현고교.아주대학교.유신고교,573
용인시장.시장약국,103
현대아파트,4
황제아파트건너편,36
화서푸르지오,41
구운동주민센터.서수원도서관,450
한화.호반,223
유통단지사거리,125
고진역입구,6
원일초교,284
의왕청계영업소,71
SK아파트,282
매탄공원,267
단대쇼핑,300
엘리시아정문.오산자이후문,467
안양1번가.안양고용센터,61
한국물류센타,247
월드반도,496
대원아파트,49
진안초교,116
매교다리,683
동보아파트,183
중앙공원.샛별마을라이프아파트,184
탑마을주공8단지,149
대선초.e편한세상영통2차아파트,303
민백마을,55
임광아파트,235
화서역.화서2동주민센터,715
조원시장,231
세화새마을금고.버드내도서관,547
수원컨벤션센터.롯데아울렛,266
오전동주민센터,415
관양중학교,40
무궁화태영아파트,348
화성시청후문,36
파장동북부차고지,99
상록수역앞,302
인계선경아파트,796
장안대후문,121
이목동.장안STX칸,537
발안만세시장,56
우만아파트,648
머내기업은행,524
우림필유,36
남부종합사회복지관,257
원대마을,170
청소년수련관,176
모아미래도아파트,264
매화마을2단지,27
삼성반도체후문,2124
용인터미널,103
신일유토빌정문,708
삼성반도체정문,190
천천래미안,36
현대모닝아파트,312
신미주아파트,348
서해그랑블,263
부흥초교.부흥중학교,15
호수마을.자연엔데시앙,25
꽃메마을1단지,158
향남주공1.2단지,10
소화초등학교,229
경남.반도1차,348
세류현대아파트,461
이의초중고교.광교참누리레이크아파트,115
연무중학교.써밋플레이스광교,92
북양산업단지,11
북양1통.염티고개,27
이동교3리.축석초교,1
구장삼거리,47
매송휴먼시아후문,131
천일초교,226
석수골운동장,13
래미안위례.위례고운초등학교앞,9
동수원중학교.성일아파트.한국1차아파트,331
우남퍼스트빌3차아파트,224
LS타워,51
푸른지대,76
덕절리,26
탑골1길,263
공공청사부지,232
하얀마을.구미도서관,191
기흥초등학교,220
통미마을.보라1동,295
세마중고교,758
동탄2휴먼시아4단지,617
동원1차.센트럴상록,271
오산초등학교,354
서천마을1단지,339
군포시평생학습원,17
삼익아파트,442
오산대역,70
버스터미널.신도브래뉴아파트,16
수원고용복지플러스센터.동수원사거리.삼성생명,577
동탄고등학교,243
광교카페거리.대림e편한세상,151
동문아파트.협성대학교.봉담중고교,656
관리입구,21
광교에듀타운입구.아주대.한국자산관리공사,33
우림청설아파트,37
송화초교.양우내안애,147
한성아파트,5
팔달문.이안과,90
백암터미널,27
흥덕마을12단지.도로교통공단경기지부,64
흥덕마을12단지.도로교통공단경기지부,171
한성병원.호계3동주민센터,613
가구단지입구,418
한국에너지공단.여성회관,55
모아미래도.우림필유(중),284
신성미소지움아파트,66
서부경찰서.권선구청입구,346
KT남수원지사,321
롯데오산물류,9
반달마을,21
행신SK뷰아파트,4
안양우편물류센터,93
화서시장,426
목련마을1단지.하탑중학교.중탑동사거리,100
19단지.쌍용예가,119
육일리.육교동입구,6
수원시도시안전통합센터,7
봉가1리,2
수원역환승센터(6승강장),449
권선중학교,187
관양1동주민센터,32
인덕원사거리.인덕원역,198
상현고등학교,191
호매실마을12단지.수원은혜교회,196
금화마을4단지,63
KT과천지사,38
광교마을.린병원,461
벌말초교.한일나래,7
평촌동주민센터.KT동안양지점.인덕원대우아파트,67
황골주공아파트,328
문암골,51
묘적사입구,2
덕소역,4
경기대후문.수원박물관.광교대학로,587
예솔초.호반2차.대원2차,72
전원아파트.한라녹턴아파트,33
이마트.비산사거리,119
한성2차.풍림아파트,20
까치마을건영빌라.구미도서관,233
정든공원.숲속풍성신미주,19
여성회관,8
수포교,1
리베라CC,82
밤꽃사거리,105
칠보쌍용아파트,152
칠보산입구,230
창동연립,20
돌고지,167
중원초교,1
SK뷰2차아파트,173
동문아파트.삼성2차아파트.동부아파트,279
(구)단대동주민센터,114
장안문.느림보타운,269
장암역.석림사입구,2
빅마켓앞,374
동탄초교,110
현대출고장.고인돌,32
유통단지사거리,152
역곡역북부,5
분당구청.중앙공원후문,134
한화꿈에그린,408
정림입구,64
의왕톨게이트,79
가천대,16
흥덕마을1단지앞,629
대방노블랜드.풍림아이원,205
황골주공아파트,235
신장시장.GS마트,2
배탈고개.일신건영아파트,19
성보경영고등학교,37
세곡사거리,138
죽전동성2차아파트,415
현대아이파크,227
신갈.기흥중학교.삼익아파트,300
샛별단지,403
동탄3동주민센터,63
서원말.심곡서원.상현지구대.금호.현대아파트,301
오정동행정복지센터.대명초등학교,3
망포고등학교,105
세권사거리,321
조원뉴타운,186
하얀마을,153
동탄2파출소.농협,246
삼가역.두산위브,11
지식산업센터,3
한솔마을.LG아파트,210
신일아파트,38
가로공원앞,116
동백중학교,90
반도3.금강,112
경기대입구,122
주공8단지,1
아시아자동차,30
시외버스터미널,27
수내동파출소.동국대한방병원,79
금강.센트럴힐즈,94
상탑초등학교,90
풍성신미주,69
부흥고교,7
경기광주역,25
현대모닝아파트,53
동화휴먼시아3.4단지.봉담우체국,148
군포역,109
갈천다리,87
한일초등학교.한보라마을7.9단지,37
현대아이파크,5
마두역(중),19
부곡초등학교,5
영덕중학교,144
능실마을20단지,130
남부경찰서.매원초교.성일아파트,409
솔빛마을상가,468
명지대입구,139
이마트,2
성원아파트.이지더원,184
상우아파트.청소년문화의집,3
역곡역북부,3
수원시청역10번출구.국민연금공단.경인일보,261
한마음초교.광명메이루즈,100
산척리,254
경희대학교,31
석포삼거리,20
한양아파트,370
수원동.쌍용아파트,67
한보라마을입구,118
호수청구아파트,91
청요사거리,7
고잔주공9단지,29
만석공원.만석거삼거리,287
임광그대가3단지,53
공세복합단지.르노삼성자동차중앙연구소,258
수원아이파크3단지,36
한일아파트,4
진사리입구.푸르지오2차후문,12
내삼미동입구,219
동탄국제고등학교,144
기업은행,392
문학1리,27
수원과학대학,73
정남농협,124
산본래미안아파트,22
단대쇼핑,628
신한에스빌아파트,147
도로교통관리사업소,537
곡반중학교.수원아이파크,509
설봉산입구,1
흥덕IT밸리,30
쌍용2차.성원3차.서원초중고,453
조원시장,225
안양여중고,13
쌍송리입구.은장고개,6
수진역.성호시장.성일중고입구,216
매탄권선역.화홍고등학교,97
체육고교.신안아파트,324
오목천주공아파트,128
대방신도아파트,1
KT.주택전시관,243
정조사거리,335
용주사,139
경기글로벌통상고,52
만석공원테니스장,193
영화초등학교,226
송문리,1
정평중학교.공무원아파트.상록아파트6단지,564
유천아파트,4
코스트코광명점,1
금정가구거리,43
동편마을1단지,34
우남퍼스트빌,90
현대아파트.중원도서관,9
광교센트럴타운60단지.힐스테이트레이크,331
벌터마을.래미안영통마크원2단지,455
산들초등학교,1
신곡사거리,243
예당예원초,568
배꽃마을4단지,4
창룡문.연무대,168
서원마을현대홈타운.삼성쉐르빌,189
동백이마트,149
수원지방법원,301
매화마을주공3단지,184
삼성전자중앙문,134
경희대학교,516
경기도인재개발원.경기연구원.경기도평생교육진흥원.경기도가족여성연구원,262
금정새마을금고,13
현대아이파크,265
호계삼거리,111
영통도서관.영덕중학교,63
IT단지(중),1088
인계삼성래미안,51
탑동아파트,9
신영지웰아파트,107
남수원현대아파트,218
DM디스플레이,128
수원가구거리,204
세원아파트,325
신동아아파트입구,41
의정부초교.신곡동신일아파트,1
반달마을,29
일양약품,25
로컬푸드,19
이마트.비산사거리,384
동보아파트,139
외삼미동,123
화성시청,120
양노리,8
농수산물시장,494
호계중학교.신기사거리,240
상현중학교,105
반정동,32
평촌역,108
따복기숙사.농업유전자원센터,35
위례롯데캐슬.호반베르디움,1
갈뫼중학교.내손1동주민센터,4
하나은행연수원,16
정평중학교(마을),32
장안고등학교,531
무궁화태영아파트,529
한보라마을3.5단지,11
매향동,71
동화초중교,160
광교에듀타운입구.아주대.한국자산관리공사,112
롯데캐슬스카이.백남준아트센터,164
신갈초교.신갈오거리,280
K6정문.캠프험프리,2
상신하길로주택,15
자동차검사소.산성아파트,32
대원터널사거리,619
모란역(광역.시외버스),275
GS아파트.천천푸르지오,95
양지농협,14
한국방송통신대학교,61
고지리,11
한국전력,2
평택역.AKPLAZA,12
평택중학교,4
수지고등학교.삼성4차아파트,330
한성아파트.한국아파트.현대1차아파트,279
수원순복음교회,350
신촌마을아파트,8
죽전동성2차아파트,28
우성아파트,14
서정동여성회관,8
머내기업은행,365
한국잡월드,9
신월초교.상록아파트.주공9단지,260
광교호수공원입구,187
쌍학리,50
미즈파크병원,113
경기도립수원의료원.두견마을,210
죽미마을10단지,206
황곡초등학교.주공아파트,231
향남중고등학교,24
오산대학앞,337
서수원레이크푸르지오1단지,377
동신아파트,222
야탑3동행정복지센터,349
원곡초등학교,34
청명호수마을,265
금광1.2동주민센터.중원어린이도서관,323
은행시장.남한산성시장.은행동청소년문화의집,99
안녕4통,8
태평4동주민센터.금빛초교,22
모란역4번출구,81
신도브래뉴아파트.새마을금고,3
중흥아파트,5
센트럴파크,522
광교상현꿈에그린,350
정남도서관,259
광교해모로아파트,47
서천마을3단지,144
의왕역,99
풍덕천사거리,93
경기도문화의전당.두산위브아파트,186
수촌마을,35
상대원1동주민센터,52
성복역.데이파크,287
동부차고지,40
민속촌,17
세미초등학교,318
명학역,652
효성티앤씨.진영레미콘,28
동오리,105
휴먼시아4단지후문,26
원천주공2단지,308
수원광교박물관.광교카페거리,26
어정역,19
천천푸르지오,39
삼성전자후문,256
쌍용예가.19단지,278
호반베르디움3차,68
공세복합단지.르노삼성자동차중앙연구소,198
조원시장입구,238
금정역,63
무궁화금호아파트,16
중산마을2단지.해태쇼핑.코오롱아파트,3
진위역,188
초당마을.주공아파트,6
현대모닝사이드2차후문,37
흥덕마을2단지앞,44
신리앞,35
금의3리,2
동부지구대.수원시장기요양지원센터.수병원,621
고색차고지(경유),80
흥덕중학교앞,646
경기남부지방경찰청.봉녕사입구,615
우미아파트,601
KT안성지사,1
광교2동주민센터,53
보라마을삼성래미안,34
본오2동주민센터,108
도촌동9단지앞,67
송일초등학교,1
하북차고지,67
정조사거리,134
안정3리,1
장지리농협,1
성남중원경찰서,757
샛별마을.우방아파트,144
나눔초등학교.오뚜기식품.두산벤처다임,95
SK뷰2차아파트,169
계룡.영천초,116
청광아파트,157
동부아파트,60
대원동주민센터,88
한백초중교,98
호계사거리,4
단대오거리역.(구)종점,307
평택역.AKPLAZA,53
평택병원앞,2
향남주공18단지,10
서원마을현대홈타운.삼성쉐르빌,54
정자2동행정복지센터,352
오목초등학교,330
삼환아파트,416
화남아파트,86
포일자이아파트,7
육탄10용사기념공원,36
금광시장,61
농수산물사거리,26
광교상현꿈에그린,211
죽미공원입구,137
우남퍼스트빌3차아파트,183
진흥아파트,484
태안교차로,56
상두1리,4
윗머드내.평화약국,115
AK플라자2층,220
흥덕지구1.2단지앞,228
대주피오레1단지,28
노블카운티,31
동탄홈플러스,151
수원전산여고,192
포브스병원,5
가로공원앞,164
웅비아파트,93
청현마을입구,82
관리고개,41
주공아파트,164
중원구청,2
고산1리.허산리,3
신남3통.서부경찰서,13
청덕아람공원.88CC,13
개나리아파트,13
서천마을2단지,116
야탑동주민센터.돌마초교.야탑역.뉴코아,393
상미마을.신갈오거리,102
아데나펠리스,116
수원아이파크4단지,55
중앙공원,98
단국대정문,169
쌍용상록아파트,212
조원고등학교,169
호매실GS아파트,613
양산제일교회,73
양지성당,4
광교센트럴타운60단지.힐스테이트레이크,579
공군부대입구,3
스타프라자,214
서동탄역,89
신리초교,104
원평,102
신리고,89
안양감리교회,19
평성교회.호정타워,53
원곡동행정복지센터,112
나곡마을.한국민속촌,15
의왕역,24
법화터널입구,70
경기소방본부,205
관양1동주민센터,26
한화생명,35
매송초등학교,140
유엔아이,208
홈플러스서수원점,185
빼골,163
산본고가도로,39
만안경찰서,1
태영아파트,27
고잔주공2단지,5
광덕시장,5
중앙주공2단지,222
상원초교.성남중앙병원.양지동청소년문화의집,116
성균관대역.고용노동부경기지청.율전성당,154
신흥역.종합시장,204
양현마을.풍림아파트,131
양현마을.풍림아파트,136
양지마을,22
하길중학교,12
권선상록아파트,87
청솔마을.주공9단지.동아아파트,212
서정동여성회관,18
안석2통,33
수원센트럴타운3단지.세류동성당,202
화승타운,21
늘푸른오스카빌,142
롯데시네마,565
권선구청.경기종합노동복지회관,25
용인터미널.컬리넌호텔,12
영통차고지(경유),8
농업유전자원센터.따복기숙사,242
을지대학교,201
자유센터,174
수원센트럴타운1.2단지,127
오산장례식장,93
중앙주공1단지,33
주공2.뜨란채4단지.소안초등학교,4
경안동주민센터.우체국앞,10
금정초등학교,27
송림고등학교.이매촌청구아파트.동신아파트,135
봇들마을7단지,12
오산대학,146
필봉초교.11.12단지,344
정우아파트,15
수지구청.수지우체국.롯데마트,28
농업기술센터.진흥아파트.동신아파트.이매동주민센터,396
대우아파트.양명고교,148
송림고교.이매촌성지아파트.청구아파트,186
광교센트럴타운62단지.힐스테이트레이크,92
신도브레뉴아파트,193
가재3리입구.가재4리,30
부처내,263
충훈1교,7
관악역,94
엠코타운플로리체,15
위례센트럴푸르지오.위례푸른초등학교,4
대지고등학교.전내교차로,36
신일아파트,46
삼성휴먼센터,38
주공1.2단지,243
삼성마을1단지아파트,17
구운사거리,19
호수청구아파트,190
민속촌입구,184
금화마을3단지,38
평택지제역,62
돌마고교,92
신백현중학교.단독택지,36
가게앞.평동,19
수원여자대학교입구,230
부천역남부.부천남초교,4
반도1차.경남,187
우남퍼스트빌.자이,150
DM디스플레이,142
송곡리,61
광산,3
정자사거리,93
운중동주민센터,63
회덕동정자나무,21
아튼빌후문.성남테크노과학고,30
포곡읍주민자치센터,8
칠보마을7단지,25
롯데캐슬스카이.백남준아트센터,334
서탄입구,92
평내중흥.삼창.상록아파트,2
동일하이빌.상봉초등학교,107
입북동입구,39
남수동,132
수면리,28
봉담택지지구,17
대광빌리지,126
공군관사,161
안화고등학교,68
대황교.활주로,48
효성아파트후문,91
광교체육센터.다산중학교,149
가능역,1
오성면사무소앞,7
인성마을.현대아파트,27
합동신학대학원,26
신미주아파트,164
동원동,73
도촌동1단지앞,171
원일초교.성일아파트,383
흥덕중학교앞,121
서부공영차고지,54
철산역.광명경찰서,13
안녕3통입구,81
광교호수공원.제2주차장,133
두리봉마을,17
서정리역,35
차량등록사업소,3
괘랑2리.차운혁충신정려문,158
한강CM,16
나산초등학교,96
문학리,48
광교사회복지관,79
잔다리마을.이영미술관,153
귀래산업단지,7
파장초등학교.SKC,24
성결대학.안양아트센터.명학역,7
곡반정동차고지,300
공세성원상떼레이크뷰,65
경희대정문,116
쌍학리,3
도촌동화훼단지,3
성복동주민센터.LG6차.벽산A,113
성일중고.성일정보고.동광중고,3
금광시장,22
성호시장,4
정자사거리,9
송촌토파즈아파트,2
의왕톨게이트,187
신월초교.상록아파트.주공9단지.공무원아파트,260
법화터널출구(경유),1
상록마을,351
농협.홈플러스,56
보정동주민센터,71
분당도서관.계원예고.계원예술학교,99
오일리,9
영성중학교.하대원동주민센터,21
신흥시장입구,2
은행동현대아파트,21
함상전망대,7
동명아파트앞,47
군자시장,9
상현교차로.현대2차,340
죽전도서관앞,20
성남아트센터.태원고교,238
먹자거리,50
수원여자대학입구,3
대영전자,2
종합운동장,119
서그내,199
덕성초.주공7단지,1
광교역사공원.광교카페거리,42
광교산입구.경기대학교,89
철산초등학교.두산위브트레지움,2
쌍용연립,12
서수원레이크푸르지오1단지,103
인계사거리,361
반월자이에뜨,378
반도유보라정문,90
중원구청,12
정남초등학교,172
도촌7단지.8단지,39
도촌1.2단지,7
동부센트레빌.동일하이빌1차,31
가수동주공아파트,14
동남아파트.파장시장,135
삼일화학,10
호반베르디움,35
자안리,24
롯데아파트,215
수원광교박물관,22
금광1.2동주민센터.중원어린이도서관,253
포도마을사거리.현대백화점.이마트,4
금성아파트.한국1차아파트,69
오산역.오산터미널,261
월피주공1단지,1
성포주공4단지,52
안양남초등학교,85
수원북중후문.경기도교육청,236
권선구청.수원전산여고,326
평동행정복지센터,101
원곡동행정복지센터,24
상록수체육관,81
신촌마을2단지.포스홈타운,34
화랑공원남편,13
동성1차아파트.죽전패션타운,8
새강주공휴먼시아,174
상동우체국,2
청구아파트,17
송곡리,46
한광고교,15
송산1리,2
제기리.구주제약,91
성호중고등학교,36
삼가역.두산위브,39
월드아파트앞,35
청명대우아파트,144
은여울공원,2
야탑3동행정복지센터,203
국토지리정보원.중앙기독초등학교,30
범계중학교,321
송탄역,78
KTX광명역7번출구,31
안양우편물류센터,23
수원컨트리클럽,10
북촌말입구,122
동탄면사무소,164
남왕마을,16
비봉초등학교후문,108
둔전,18
쌍령동,4
팔탄면사무소앞,40
소쌍.동광.e편안세상,1
대원사거리.까치마을,199
베네스타아파트,2
고려냉동.고려냉장,53
불꽃교회,1
선경무궁화아파트,12
느티나무,6
괘랑2리.차운혁충신정려문,26
아발론호텔,111
남부시장,56
중앙도서관,6
구)공도정류장,11
평택대학교,16
탑동우방아파트,24
동화초.동화휴먼시아3단지,272
성남자이아파트,40
호매실스위첸19단지.능실마을22단지,102
백현교차로,4
동원고교.해우재입구,110
성남금융고,31
정자2동행정복지센터,432
남부시장,6
오이도역,45
부천터미널소풍,11
상록수역,82
동오사거리,79
밤밭저수지,171
매홀중학교,14
주공3단지.병점2동주민센터,307
협성대학교정문,69
동탄2신도시홍보관,45
오남호수공원.팔현리입구.동부아파트,2
식물원앞,3
갈천초등학교,31
본오2동주민센터,57
주공10단지건너편,22
신성미소지움아파트,54
향남홈플러스,19
갈현마을.현대홈타운,69
안양예술공원,92
서현역.AK프라자,92
오이도역,22
은계주공아파트,207
문형삼거리,21
통계청.태평역,31
대곶면상마리입구,1
힐스테이트2차,15
아름다운교회,132
아랫머드내.신동아자동차학원,16
에일린의뜰.포스코,27
나루고등학교,39
월광노인정건너편,8
중앙초등학교앞,16
동안구청.달안초등학교,99
금화마을입구,89
어정역,56
능실마을15단지,43
헬스케어혁신파크.가스공사,83
갈천초등학교,21
백현초등학교,58
쌍용하이츠빌2차,11
신명아파트.손곡초등학교,70
강동냉장,20
동아우성아파트.효자촌.시범단지,76
수정한양,23
삼성중앙빌라앞,31
두진아파트,96
광주터미널,13
주공4단지.신창2차아파트,144
경기도여성능력개발센터,98
역곡역.역곡남부시장,32
센트럴힐,4
흥진고등학교,16
신갈고등학교,16
오이도중앙로입구,3
이매촌한신.서현역.AK프라자,43
벽산아파트,42
까치울역5번출구.까치울전원마을3.4단지,14
새빛초등학교.광교상록자이,70
성남아트센터.태원고교,162
중앙동행정복지센터,7
주공8단지,126
샘마을.대안중학교,54
장안고등학교,168
삼성아파트,360
수지센트럴아이파크,19
동천동현대홈타운2차아파트,270
대화역,15
미주아파트.서울제일병원,45
소하7단지,36
상록중학교,24
우림아파트,95
군포시청.산본역,28
칠보마을5단지,187
광남사거리.광명교육청,3
미륭아파트,31
신갈역.도현마을,15
남산공단입구,7
융건릉사거리,19
능실마을20단지,50
흥덕지구단독주택지앞,11
산본역,62
근린공원,111
의정부역.동부광장,34
효성아파트정문,333
한마루.한국아파트,87
방축,2
장미마을,8
상갈역,94
외국어대입구,5
능원초등학교,5
신일아파트입구,8
박지성삼거리,40
안양시청,69
대지초등학교,4
농협중앙회,44
세교13단지,238
태장고등학교,13
개나리아파트,6
동탄면사무소,208
행신초등학교(중),9
LG아파트,23
도체육회관.대림e-편한세상,24
이마트.한림대병원,96
문학리,12
(구)시청.신흥1동주민센터,55
크로바케미칼,7
새암공원,3
근린공원,163
한미약품,721
봉담중.고등학교,65
자연앤아너스빌.한마음초교,181
명성빌라,1
서해.한일.삼익아파트,4
장암주공5단지앞,5
아주아파트.군자도서관,9
창말입구.대주,3
농수산물도매시장,7
당수동삼정아파트,98
경신공업사,1
반도5차,79
6단지아파트,12
남한산성입구,3
탑동입구,156
중앙공원.양지마을금호아파트,91
숙지공원.화서동굿모닝힐.화서다산도서관,201
석포3리,2
장미마을8단지.현대아파트,11
효자촌현대아파트.서현2동주민센터,10
지지대교차로,31
죽미마을8단지,157
사이동주민센터,10
강동냉장,142
탑마을대우아파트.선경아파트,17
향촌현대아파트,27
벽산아파트,49
남양주세무서입구.금호아파트,1
부천범박힐스테이트1.3단지,1
경기대후문,45
판교역동편,56
융건릉.용주사입구,22
양벌1리.매곡초등학교,7
역동,1
민백마을,7
인덕원역4호선,7
KT북부천지사.365안전교육장,4
춘의역7번출구,33
원종종합시장.성곡사거리,1
신구대학후문.오복슈퍼,44
소사역,10
단독주택3단지,1
철산중학교.진성고등학교,15
수직리,36
당동우체국,13
진안중앙교회,28
갈곶동.KCC스위첸아파트,43
내삼미동.호반베르디움,121
경남아너스빌,22
송탄우체국,37
수지지역난방공사,80
세한교회,18
서정초교앞,12
LG빌리지3차,91
신남4통,12
대광아파트,202
백선교회,23
장안구청,228
황계동,38
진안5통.병점육교,45
황제아파트앞,7
반월농협앞,55
대우푸르지오,149
원종사거리,7
아름마을건영아파트,25
푸른마을5단지,70
세마동주민센터,99
향남주공18단지,113
현대기아연구소,159
이목동.장안힐스테이트,337
양곡천주교,1
구래환승센터,10
한화꿈에그린,54
죽미고개.내삼미동,29
천산아파트,73
수원산업단지,382
대진화학,89
경기고속차고지,55
능골삼거리,29
온누리병원,3
수지자이아파트,86
한전사거리,73
중앙역,16
구리여중고.성광교회,2
한대앞역,17
삼신아파트,7
동수원남양병원,52
도촌1.2단지,20
U-City센터앞,232
창동,1
광교차고지.연화장입구,45
느티마을.경남빌라,23
장수마을,17
소하단독필지,30
북양1통,16
청소년문화센터,41
동남아파트.세평지하도입구,45
수지지역난방공사,144
서천마을입구,386
송내역남부(광역버스),25
보바스병원,11
오성면사무소,1
정평중학교.공무원아파트.상록아파트6단지,515
야탑역.종합버스터미널(후면),63
야탑고교.예비군훈련장,63
보훈원복지타운.보훈요양원,18
동탄역.포스코,115
큰말입구,4
능안,1
상록중학교.본오동,92
송산리입구.부처내고개,2
대원동주민센터.원일초등학교,90
수청주공아파트,108
송탄문예회관,23
홈플러스.시외버스터미널,2
우남퍼스트빌,23
부안중학교,8
모아포스코아파트,271
이케아.롯데아울렛광명점,19
이매촌한신.서현역.AK프라자,45
새강주공휴먼시아,84
불암산영업소,16
군자시장,63
견산2리,35
원영화남아파트,68
수청주공아파트,2
수원과학대학,116
대우자동차,1
호반3차.신리고,292
삼성아파트.현대모닝싸이드아파트,200
수정한양아파트,18
구성동주민센터.삼성래미안2차,68
한솔아파트.한림도서관,55
모현농협능원지점,6
서현중학교,24
청계농협,5
꽃동네입구,1
황계동입구,6
느티나무앞,1
분당요한성당,12
남양읍주민센터,148
수원KT위즈파크.수원종합운동장,160
새마을금고,13
국민체육센터,125
목련마을한신아파트,1
새마을주택,16
남양뉴타운,105
양산제일교회,72
용인운전면허시험장,11
삼가동.궁촌,21
마도유통상가앞,1
유림동.방축,29
고색동태산아파트.도로교통관리사업소,84
흥덕13단지.경남아너스빌.이영미술관,8
호매실,67
하광교,52
서양촌,1
비산사거리.이마트,35
한양대입구,80
부곡중앙로,24
하마산가게,7
굴다리앞,33
창우마을,3
노루페인트.대림한숲아파트,19
반도유보라후문,43
백1리,2
한전,19
골사그네,33
동탄2파출소.농협,141
구리영업소,21
비봉중고등학교,104
도당사거리.북중학교,6
선부주공9단지,5
남양육리.남양1동,26
광교대광로제비앙,7
월드마트,47
운중동먹거리촌,8
호동초등학교,25
농심,4
권선구청,101
청목초.신안1차,83
LG아파트후문,7
가수동주공아파트,285
너더리육교,14
광교중앙역.광교고등학교,75
벌말육교,66
대덕사,33
동강프라자앞,32
분당서현청소년수련관,37
성남금융고.중탑초교,166
상광교마을회관,27
갈곶리삼거리(경유),24
빼골,39
초당초등학교입구,11
주공휴먼시아후문,76
판교역.낙생육교.현대백화점,34
황산,11
가천대,38
금천마을,16
경남아너스빌,1
풍림상가,39
경기도박물관.금화마을입구,26
신흥시장.수정보건소.보훈회관,31
운중동주민센터,22
노인요양원,1
초지고,2
범데미.갈매더샵,1
신봉센트레빌1단지,63
경기도청북부청사,7
원평,31
정승마을앞,9
한신아파트.현대아파트,1
롯데씨네마.향남부영7,33
죽미고개.내삼미동,40
충무주공아파트,5
장암역.석림사입구,15
대동문고,46
송내역B,15
안산문화예술의전당,44
영화아파트,3
K-6구정문,9
남교회,12
시화공고사거리,15
덕암초등학교,1
동백소방서.동일하이빌.롯데캐슬,47
금화마을4단지,82
삼성DigitalCity홍보관,207
e편한세상아파트,79
서천마을1단지,103
동탄고등학교,127
경기도청오거리,113
롯데백화점.수내역,47
죽미마을8단지,157
민들레베스파트.우성고,14
인덕원역4호선,113
우림.대한아파트,296
흥덕마을14단지앞,5
북양1통.봉림사,52
연무시장입구,278
안녕11통,75
내정중학교.한솔4.5단지,3
당정지하차도,18
광명사거리역,9
모현농협능원지점,5
내리사거리,1
수원지방법원,65
중앙공원.샛별마을우방아파트,109
각골운동장,79
새터말,40
오일리,6
두산신일아파트,275
중흥S클래스,4
리더스하임8단지후문,3
KTX광명역7번출구,15
의왕보건소,23
세교1동,76
금정역.서진산업,20
이목동차고지,48
수지구청.삼성진산A,221
갈현동부대,2
효성아파트정문,120
부천정보산업고교,2
신길고등학교,11
칠보입구,15
서현고등학교,64
평택역.AKPLAZA,63
서울병원,1
내리교회,6
귀인중학교,14
서수원자이아파트,199
신남4통,24
우편집중국,13
두산위브제니스,53
석포1리(돌서지),2
산본시장사거리,25
흥덕지구1.2단지앞,41
퇴촌농협,2
하우스디더레이크.우미린,101
입북동주민센터,116
대우아파트.KT동안양지점.평촌동주민센터,1
포스코정문앞,18
영조아파트.푸르지오아파트,3
벽산상가.2001아울렛,114
현진에버빌아파트,11
수성교.소방서,91
호반3차.한신아파트,2
신명아파트.손곡초등학교,37
청와연립,9
경일관광경영고등학교,3
반월연립,40
더샵프라임뷰아파트,15
광교호수공원.스텝파크,16
문학주유소,6
삼리.킴스빌리지.현진에버빌아파트,8
구운사거리.농수산물유통센터,68
SK플래닛.판교디지털센터,80
어천저수지,13
코오롱하늘채(아),2
래미안위례.위례고운초등학교앞,13
당동우체국,19
고잔초등학교,4
오산대역,81
초원한양아파트,25
삼성1차아파트,129
갈평입구,6
동막초등학교.호수마을계룡리슈빌.어울림,58
삼동종점,4
고천체육공원,5
박달우성아파트,35
안양국제유통단지.홈플러스,120
보라초등학교,29
경기도문화의전당.두산위브아파트,112
안양여중고.안양성결교회,27
세류1동주민센터입구,165
화랑공원동편,14
영통아이파크캐슬1단지,45
농림축산검역본부,27
복사골문화센터.한아름마을,4
반월역앞,98
나산초등학교,34
삼호아파트,19
광교해모로아파트,10
오산역.오산터미널,95
등기소.법원,194
전승아파트,49
보정역.보정고등학교.동아솔레시티,119
평생학습원.중앙도서관,16
만의사.마을회관,65
문화아파트,20
성복자이2차아파트.대원사,44
왕사성,7
영스포렉스,2
백현마을9단지,5
마을회관,9
한가람삼성아파트,12
벌말육교,11
북양1통.염티고개,51
권선자이.e편한세상,33
하안주공8.13단지,15
청덕중고교.지식산업센터,45
동백중학교,3
경기대명고등학교,34
가천대역.가천대학교,30
화성중고등학교,63
서안양우체국.국제나은병원,68
삼익3차아파트,32
덕고개사거리,6
송탄제일중고등학교,21
통미마을대안사앞,23
발안산업단지,19
방교초.레이크자이더테라스,65
서둔동주민센터,77
별내동주민센터입구.우미린아파트,2
구리영업소,22
롯데첨단소재,59
문촌마을(중),5
영통구보건소.수원체육문화센터,173
푸르지오2차아파트,44
중앙시장,48
민속마을.쌍용아파트,18
테크노파크.아파트동,54
상2리,5
부곡중앙초등학교입구,1
광교오드카운티,186
신구대학,31
신한미지엔아파트앞,112
구성사거리,151
국립축산과학원,17
도촌동9단지앞,8
풍림아파트입구,87
팔곡주유소건너편,73
기흥역5번출구,93
광교역.광교대학로,12
광교한양수자인.호반가든하임,97
죽전1동주민센터.홈타운입구,9
광교중학교.대림e편한세상,52
일산동구청(중),16
성곡치안센터입구,2
느티나무,7
경인교육대후문,46
삼립식품,2
금광시장.삼익아파트,31
한국농수산대학,140
반월농협,28
한보라마을2단지,11
서천고등학교,79
대주피오레2단지,33
교통공원,33
보정동카페거리.죽현마을,175
용동중학교,9
서수지IC입구,10
발안사거리.평리,29
신촌동앞,3
노작마을,62
인덕원역4호선,91
낙생고등학교,9
광교한양수자인.호반가든하임,5
한마음선원.관악역이안아파트,11
명학초교,9
동성.현대아파트,8
연현중학교,1
건영1차아파트,1
성남동성당,2
선경아파트,65
석포1리(한절),2
향촌현대아파트,55
삼성휴먼센터,31
경기도여성능력개발센터,88
고촌,6
평택지제역,56
평택패션상설타운,10
하안주공513동앞,2
남양성지,30
매화마을주공4단지,20
천리신미주아파트,3
도촌3단지,14
안산시청,84
대명각,3
산업단지3단지입구,35
중앙저수지.성광주유소,18
모란역,67
롯데캐슬1.2단지,12
매화마을사거리.주택단지,2
경기자동차과학고교,2
흥덕마을6.7단지,55
하북4리.사리고가,80
구포리,12
파장동북부버스차고지(경유),19
조원2동주민센터,66
군포문화예술회관,18
제기리구주제약,22
우성상가,8
호수부영3차.우미린2차,169
미사강변더샵리버포레.7.8단지,2
진우아파트,51
광교웰빙타운.열림공원,19
권선현대아파트,49
장곡고등학교.숲속마을,1
상현고등학교,42
제일공원앞,17
수진역.성호시장.성일중고입구,31
10단지,4
푸르지오5차,11
우남퍼스트빌,3
흥덕13단지.경남아너스빌.이영미술관,17
중앙도서관,3
월드반도,54
하안주공8.13단지,2
도촌2단지.근로복지공단,19
왕재고개,47
주내삼거리.파주삼거리,1
동방학교,7
진위고등학교,16
안양1번가.안양역,21
천천리일광사,104
천천리검문소,29
소화초등학교,86
금정역,29
등기소,16
태재고개,29
광교차고지,40
제일아파트.현대아파트.중원도서관,17
타래치길,17
헬스케어혁신파크.가스공사,154
한세대학교,21
국은교앞,3
단국대.치과병원,2
청요리,21
현충탑입구.철산종합사회복지관,4
그린빌12단지.호수마을아파트,2
남촌.오산농협,29
인정아파트,34
향남고등학교,121
현대아파트,13
스마트스퀘어체육공원,25
일월도서관.청구아파트후문,79
백현마을2단지,5
이목동차고지.이목동입구,185
장지리,15
제일공원앞,5
의정부역.농협앞,8
아름마을,18
현대모닝사이드2차후문,32
능평리회전교차로,15
성복아이파크,17
극동아파트,4
KT수지지사.물류센터,44
주공5단지,43
팔탄입구,59
매화마을1단지,7
운중동푸르지오하임,1
성남시운중도서관,15
밤꽃사거리,121
시민회관.운동장,5
시흥동농협창고,5
시티병원,32
창말입구.대주,35
장미마을.동부코오롱아파트,2
야탑사거리,47
동화휴먼시아1단지,20
길성리,14
보훈교육원,28
삼성반도체중문,218
원곡초등학교,3
부흥동주민센터,4
분당도서관.계원예고.이마트,53
구성지구입구,17
삼성전자후문,207
마도교차로,8
안화초교.주공8.9단지,174
물푸레마을4.6단지,39
효성아파트,3
조암터미널,21
구포리,35
위례힐스테이트정문,5
한신.길훈아파트,65
사기막골,4
순복음교회,2
금곡동강남아파트,27
장덕동(경유),9
덕고개사거리,30
동문태영아파트,1
상동역3번출구.홈플러스상동점,5
대주피오레1단지,39
구성초교.구성파출소,41
갈천마을,40
부곡동주민센터,3
부천역북부(기점),13
임광아파트정문.효자촌입구.분당중앙교회,13
산업단지중앙로,125
서정동주민센터,16
와동체육공원,29
안산역,18
그린빌리지,4
중앙동주민센터,6
명학대교.안양자동차매매단지,6
본오동우체국건너편,62
약수터주유소,14
산성지역아동센터,5
천보중학교.금오주공그린빌아파트,1
부곡초교,28
분당구청입구.수내교,5
법원검찰청.평촌역,27
운중중학교,19
유라코퍼레이션.SK케미칼,105
효행초등학교,74
우성고등학교,5
수원지방법원,41
신풍초등학교.자연앤자이,58
대부동주민센터,2
오포베르빌아파트,4
광교휴먼시아32단지,10
점촌,18
소하초중고등학교,15
광명사거리역.한진아파트,26
상동역7번출구.세이브존,9
보라중학교,40
성남종합운동장,27
하나은행연수원,11
래미안메가트리아1단지,13
도담마을아이파크.죽전휴먼빌,21
동성1차아파트.죽전패션타운,225
동부아파트,28
용인.매산리,14
의왕청계영업소,45
금화마을3단지,27
세종그랑시아.한성1차아파트,6
하저리마을회관,24
상률초교,11
KT파주지사.보훈회관,1
경기광주역,43
(구)오산경찰서.화성경찰서,117
송호고사거리,25
정남행정복합센터,45
대원여객,2
광교2동주민센터,38
서원호텔입구,60
기사촌사거리,7
목련신동아아파트,8
미평리,1
한양아파트,7
인정프린스아파트.구금곡역,6
용수말,2
궁평항,66
전승아파트,4
우미아파트,4
망포고등학교,235
송곡리입구,20
기산베스트빌,12
보라마을삼성래미안,31
농서동(경유),2
연원마을.LG.벽산아파트,148
성호공원앞,1
농수산물관리동,2
모아미래도.KCC스위첸,34
화성오산교육청,6
성호공원앞,33
종합운동장,11
성복자이2차아파트.대원사,9
오전초등학교.동백아파트,11
부곡2단지아파트후문,3
중앙역앞,20
병점역,82
글로벌도서관.신안아파트,24
서홍마을.효성화운트빌.우남아파트,19
두산아파트,2
요리,1
안양남초등학교,5
동부중.남한고,1
성원아파트,34
영동빌라,32
아이파크정문,114
유한대학교,2
지지대교차로,15
신갈고등학교,45
송탄클래시아,9
샘터3단지.고양시교통정보센터,1
대지초교.금강플라자,86
만석공원.중부경찰서,41
상기2리입구,16
15단지후문앞,2
1단지.세마동,17
사창4리,2
효행초등학교,62
둔전역.인정멜로디아파트,8
수리산역,4
상록수역앞,92
샤니후문,6
중원구청,5
서울정형외과,36
하안소방파출소,19
신일해피트리아파트,47
송산1리,5
향남부영7.롯데씨네마,16
건업리,1
대지중학교,20
평촌역,68
갈천다리,45
고매파출소,134
H스퀘어,98
회룡역,24
중앙지구대,66
한국선진학교,8
물푸레마을2.5단지,32
경찰대사거리,6
현대상가,8
방교리,84
임광아파트.야외음악당,60
진위면롯데제과,79
청요3리마을회관,6
대광아파트,30
군포초등학교,10
중부경찰서,11
성남금융고.중탑초교,63
상대원고개,11
시화공고사거리,1
유림동주민센터,2
기산삼거리,82
정남농협,48
야탑역.종합버스터미널(전면),100
부림마을,10
정남행정복합센터,20
선한사마리아원,4
파발교.최영일산부인과,9
도촌초등학교.도촌종합사회복지관,27
주공휴먼시아후문,27
산들대림아파트.롯데마트,1
수원버스터미널,20
인성마을.현대아파트,38
롯데캐슬1.2단지,6
대림.LG.힐스테이트아파트(중),30
수내중학교,8
성남외고입구,9
고골입구,1
가장동,1
진양테크,1
호계도서관,23
한일아파트.삼봉마을,22
남산공단입구,44
레이크사이드골프장,14
먹자거리,23
청소년수련관,1
전원아파트.한라녹턴아파트,65
보건소.공설운동장,24
양귀리,1
세종초등학교.예일아파트,1
선일초등학교,6
원곡고교,3
진우아파트,119
안성종합버스터미널,3
삼동.갈마주유소,40
장미타운,2
기흥구청,31
용인정보고교,1
경동보일러.범양아파트,5
종로약국,2
가운휴먼시아.도농해링턴타워(중),9
보통2리,6
꽃밭,7
탑어린이공원,3
박석교.삼정빌라,12
신장육교,8
산척리,105
구생명교회,6
동양파라곤,97
개나리공원,43
두산1차아파트,5
풍성신미주아파트,6
상록구청,32
금정역(경유),18
여주역,10
호반베르디움,32
박달사거리.박달1동주민센터,2
서현역.AK프라자,17
군포1동주민센터.군포역,43
윗머드내.평화약국,17
삼성전자중앙문,270
소사역.부천성모병원입구,1
부천범박힐스테이트3.4단지,3
오산대학,331
효명중고등학교,13
이마트,26
효성티엔씨.신진자동차학원,9
양지성당,1
양지파인리조트,4
야막리,17
당정초등학교.군포문화원,78
하얀마을,6
근로자복지회관,1
남산공단입구,33
B-7블럭,1
청평터미널,3
대주피오레2단지,30
송라리,12
수원과학대학,4
남산공단입구,1
당동주공4단지,13
송내역A,5
장당초교.제일하이빌1차,2
신양아파트.현대자동차,7
신흥,6
길성리,18
광명사거리역,4
이충주공1단지.반지마을아파트,23
신동아아파트입구,7
사강정형외과,93
삼화리.천산아파트,20
동국대사범부속영석고등학교,2
신협,21
양지고등학교,8
한마음병원,37
프라자아파트,27
농수산물도매시장,15
수내역.정자아이파크,10
아데나펠리스,92
구포리과수원,18
국민체육센터,10
신구대학후문.오복슈퍼,18
덕천교,6
의왕고등학교,6
서안양우체국.국제나은병원,11
두산인프라코어,22
동수원2차쌍용아파트,62
롯데첨단소재,38
대성병원.심곡천사거리,1
숭신여자중고교.래미안금광아파트,41
신현3리.오포마트,3
예누림아파트,11
광교에일린의뜰.광교호수공원,30
백현마을4단지상가,38
한전,11
그린빌15단지,19
효성티앤씨.진영레미콘,21
안성제1산업단지,6
그린피아호텔,58
관리고개,20
서랑동마을입구,16
센트럴상록.동원1차,89
현대사원아파트,1
야탑역.종합버스터미널(후면),19
신안코아,8
땟골삼거리,4
오정농협,5
일동우체국,42
황계동입구,6
반도유보라,40
오야동.신촌동주민센터,6
굿모닝병원.벽산아파트,2
소하3단지,20
동진주택,16
송곡리입구,10
안양역,20
뉴광주농협주유소,5
안산시흥교회건너편,1
동남아파트,4
박달사거리.박달1동주민센터,61
SK스카이뷰,7
석수역(경유),39
보통골동양공업사,14
계원예술대학교,6
소하2동주민센터.광명동굴길입구,8
반송초중교,18
동일자동차학원,2
서신터미널,41
수자원공사입구,15
U-서비스통합센터,2
내기,11
풍경채,1
안양대교,12
도체육회관.대림e-편한세상,88
구미초교,1
한솔빌딩.구미도서관,27
천마산휴게소.한누리요양병원,3
세지로,41
덕신상가,14
용인등기소,27
영성중학교.하대원동주민센터,8
포일성당,11
쇳골마을.궁내동톨게이트,4
적동,2
판교도서관.판교청소년수련관,47
하나로마트.화성고용센터,69
기흥구청.드림랜드아파트,39
우성아파트,19
향남주공5단지입구,40
신구대학,26
복지관운동장,4
흥덕마을8.10단지,144
이충부영아파트,17
단원마을,8
수원버스터미널,6
LG3차아파트,6
태평오거리,8
춘의아파트,3
상기1리즘곰마을,16
대원아파트.팽성읍사무소,5
광주시노인종합복지회관,9
장수원.신한대학교,9
남양성지,41
당말,10
물왕교,1
이곡마을6단지,2
청학리주공5단지.별내도서관,1
국민은행,12
병점역,27
광교초등학교.광교홍재도서관,35
태광전자,15
꽃뫼신동아아파트,33
경기도박물관.금화마을입구,31
풍산목재,3
숲속마을입구,4
공군부대입구,70
덕풍시장(중),1
성원상떼레이크뷰,37
팽성국제교류센터.시립팽성도서관,2
관문사거리부대앞,47
당수동삼정아파트,26
한국교통대학교,18
흥덕지구중심상업지구앞,61
치동천힐링마을,15
행복주택,47
율전동,49
파라다이스아파트,7
남양아파트,2
당동지하차도,5
오리역,28
시민시장입구,11
한일초등학교.한보라마을7.9단지,12
중앙공원.양지마을청구아파트,28
진흥아파트,65
복정초등학교,5
서수원자이아파트,46
목양교회,10
구성초등학교.구성농협,52
박달1동주민센터,11
금정역,30
선바위역,21
에일린의뜰.휴먼시아6단지,8
중앙공원,104
소사본동행정복지센터,2
죽전교차로,17
입북동입구,21
금호아파트.성원아파트,59
송호초등학교,22
종합운동장,24
르노삼성자동차중앙연구소,2
기산삼거리,50
무궁화금호아파트,28
국토지리정보원.중앙기독초등학교,12
광교공원.경기대입구,12
호계사거리,21
마도유통상가앞,6
광교지웰홈스.광교마을40단지,50
서울대학교병원,38
양벌2리.우림아파트.쌍용2차.대주1차아파트,3
연무동종점,16
외국어대학교,15
한신.세아.현대아파트,3
평택지제역,12
딩동댕어린이집,2
대양1리,2
향남부영13단지,4
서정시장,23
월피주공1단지,4
충훈부입구.충훈2교,1
현대모닝사이드1차,2
호수마을.자연엔데시앙,25
동백소방서.동일하이빌.롯데캐슬,2
궁내동.궁안마을,57
석수시장,11
풍덕천사거리,74
소하6단지,22
지산우성아파트,23
귀인중학교,21
동수원쌍용2차아파트,5
부곡복지회관,11
서현중학교,11
솔안,2
현화중학교,2
모아미래도아파트,96
뫼루니육교,15
신안아파트,11
코오롱하늘채(아),19
일산동부경찰서(중),9
안양우편물류센터후문,2
비전2동현대이화아파트,3
통미마을,42
비봉초등학교후문.삼화3리,46
어정역.어정초교.동백아이파크,10
단국대.평화의광장,105
고지리,5
수택동농협(구축협),1
하안4동주민센터.하안주공4.10단지,6
오산자이후문.엘리시아정문,4
모세로삼거리.광명시보훈회관,8
판교역서편,57
영천리,3
포곡읍주민자치센터,5
풍산아이파크5단지,2
(구)시청.신흥1동주민센터,18
평동행정복지센터,42
야목리,84
요당성지,2
송탄소방서,26
금토천교,74
박달삼거리,30
권선보성.두산동아.신우아파트,6
성내미육교.판교박물관,20
궁전아파트.성지아파트,45
만안구청,34
판교원마을1.2단지.판교도서관,10
창곡1리입구,14
덕고개길,1
수내역.롯데백화점,77
명지병원.달빛마을3단지,4
신흥사,7
우미린아파트.향일고,19
송북시장,44
대주피오레2단지상가앞,31
별빛마을8단지.롯데마트,2
정림입구,13
서홍마을.효성화운트빌.우남아파트,7
한화꿈에그린,91
소하5단지,4
송원초등학교.유당마을,36
금정농협앞,13
선일초등학교,1
뱅골,6
숲속마을1단지,19
주공1단지112동앞,13
금천마을,9
선경아파트,12
주공4단지,21
덕천초등학교,11
신우아파트,6
산본공업고등학교,14
봉가1리,1
위례자연앤래미안e편한세상.위례힐스테이트,2
산본2동주민센터,23
춘의테크노파크단지앞,1
원평리(경유),2
대야미역,2
수지자이아파트,3
산본고가도로,6
야탑중학교,3
성복자이1차,47
제부도입구,22
내리,7
롯데백화점(중),9
신명아파트,27
석포6리(마파지),5
대림아파트후문,8
석포6리,3
부발역,2
제일은행.이천터미널,6
융건릉,9
대야미역,10
고천다목적체육관,22
앞말,6
수원역고가(경유),25
대야미삼거리,13
관악초등학교,2
소사본동행정복지센터,3
덕봉리,2
신기초등학교정문,8
포레하임.그레미움,12
배다리.서하남나들목,1
역말마을,2
율암삼거리,30
광주시축협,5
광주크리닉센터,11
이곡마을6단지,2
문학주유소,47
분당중앙고앞,18
상광교신다리,28
생문약국,1
금광시장.삼익아파트,5
천천푸르지오상가,26
일월도서관.율천고등학교,11
원당역,1
뱅뱅이,50
박애병원,10
리더스하임8단지후문,6
동부.코오롱아파트,59
홈플러스,1
시립수원산업단지어린이집,105
LG빌리지2차아파트.강남아파트,14
글로벌도서관.성원아파트,18
성원상떼레이크뷰,10
삼일제약,4
석수시장.석수현대아파트,3
수원여자대학교입구,42
대원아파트,9
한라쇼핑앞,17
광명사거리,8
기아자동차남문.광명역세권1단지후문,1
삼덕공원,30
창곡1리,11
메탈산업단지,9
쌍령동.김촌말,19
삼성아파트,26
오산리.천주교묘지입구,6
정왕역환승센터,22
상탑초등학교,1
둔전농협앞,13
한양대구리병원.새마을금고(중),5
철산래미안자이아파트,7
안정6리,1
효자촌,24
위례센트럴푸르지오,4
아름마을.이매고교.효성선경아파트.하나은행,12
도촌주택단지,6
관리입구,11
용인등기소,2
하나가든,1
문학4리,4
세교육교앞,34
월드아파트.월드사거리,4
양봉원,1
어정풍림아파트,30
만안평생교육센터,10
산성역.신흥주공아파트후문,13
방교리,56
초월읍사무소.초월도서관입구,8
귀래리,33
한보라6단지,44
서해중학교.한일아파트,2
새마을금고앞,13
계원예술대학교,4
서현1동.우성아파트,8
박달1동주민센터,5
락원식당앞,34
본오1동주민센터,20
내대지마을5단지.동부아파트,19
참이슬아파트.동일공고,2
군포시청.산본역,19
감골도서관,5
제자교회,9
당수초등학교.삼정아파트,18
반정동,31
수원컨트리크럽,14
형제가든,4
아름마을.방아다리사거리,14
대명고등학교,24
송탄우체국,7
자동차매매센터,19
홈플러스,2
1단지.세마동,11
수영오거리(경유),17
스타필드하남,8
어정중학교.서해그랑블1차,13
양감보건소,2
관고동,1
롯데시네마,11
상현마을현대2차아이파크,17
하북4리,5
이천역,24
도농역.동화중고교.부영A(중),2
덕동초등학교,6
안산테콤단지,27
덕다리입구,2
대림동산,9
사창2리.요꼴,6
수내동소방서.쌍용아파트,15
갈현동,12
각골초등학교,51
조암한라비발디,29
자동차매매상사.기호일보,1
군포국제교육센터.수리동성당,5
보라마을입구,17
서부공용차고지(경유),8
영풍아파트,4
본정리,1
보평중고등학교,6
인덕원삼호아파트,17
라이프아파트,2
고천체육공원,14
추모공원,6
신원낚시터,3
주엽역(중),12
모란농협.모란연세의원,12
천지산업.인성가스충전소,17
서천고등학교,50
관양중학교,15
호평상업지구.이마트,2
정자역,29
모아아파트.세종프라자,2
체이스컬트,17
문호리종점,1
판교역남편,182
신길역사유적공원,3
선부주공14단지,18
한라2차아파트입구,9
수영오거리.신창아파트입구,15
부곡동주민센터,1
우미린2차.호수부영3차,51
희망아파트앞,44
시흥관광호텔.시화초교,1
마을회관,1
소사경찰서,3
소사벌휴먼시아1단지,5
어정삼거리.강남마을,44
화성시청,36
중앙지구대,3
시흥경찰서,1
수원시동부차고지,34
평택터미널,14
차의과대학,2
삼정초등학교,1
정자2동주민센터,59
함상전망대,1
부영아파트.만가대,3
정남파출소,14
금광포란재아파트,2
전곡역앞.농협,1
신안아파트,13
부명고.순천향대학병원,2
왕림마을,20
각골운동장,34
대성아파트,2
양감농협,1
갈천리,30
한대역앞,4
에버랜드(승차홈),39
현대모닝사이드1차아파트.새마을입구.신현리,21
본오동차고지,5
이케아.롯데아울렛광명점,7
현대시범아파트,73
동편마을2단지,24
하안주공2.9단지,12
황제아파트앞,1
병목안삼거리,9
군포경찰서,14
꽃동네입구,1
성남세관.고령친화체험관,34
청학리주공5단지.별내도서관,1
TRW스터링,7
SK스카이뷰.다솔초등학교,16
풍림아파트입구,19
공군관사,42
영조아파트.푸르지오아파트,8
효원초등학교,14
안양국제유통단지.홈플러스,126
만안청소년수련관.태양철물,3
동국대한방병원.수내고교,9
목림삼거리,8
GS자이아파트후문,7
K2볼링장,4
하피랜드,5
금촌역,2
양촌마을건너편앞,40
대양1리,7
정왕역환승센터,4
안산디자인문화고등학교.상록고등학교,27
농협케미컬,1
산본역,53
복지아파트,3
수촌2리.황골,8
한강CM,40
독정삼거리,4
용머리앞,5
모아미래도,4
어정중학교.서해그랑블1차,18
쌍송2리.산업단지내,14
상신리,2
구장삼거리,12
정왕동이주단지,1
경남아너스빌,6
신협오거리,31
사창2리.요꼴,1
동탄국제고등학교,36
무송1통마을입구,6
스타프라자,19
인덕원삼호아파트,11
유엔아이,126
영복여고,2
SK아파트.e편한세상,5
미사강변28단지.부영사랑으로,2
신협오거리,11
비전중학교입구,9
동탄차고지,5
모란고개,30
평택터미널,3
양지고등학교,2
예직,1
한림아파트,9
퇴계원농협,4
효성아파트후문,51
장애인복지회관,29
숙곡리천불사,4
신남동(경유),27
다정한마을.금강아파트,3
곤지암터미널,6
라이프아파트,10
성현마을주공3단지.반도유보라,16
롯데백화점.구리역입구(중),8
한성2차.풍림아파트,5
능평4리.119안전센터,14
탑어린이공원,9
갈뫼초등학교,3
오포소방서,2
양벌1리.매곡초등학교,8
용수리,23
모현면주민센터.왕곡마을,1
와동주민센터,17
장안제일교회,1
새마을,15
송현초등학교.판교이지더원2단지,4
삼화1리,5
둔전초등학교,18
중복동,2
대하초등학교.중원청소년수련관,12
태평2동행정복지센터,10
한림휴먼타워,32
광주터미널.참조은병원앞,10
장안중학교,5
동백이마트,5
정왕어린이도서관.정왕시장,2
권선대림아파트,27
명지대입구,5
신미주아파트,16
기사촌사거리,1
국민은행,19
경기도동물위생시험소,33
권선동,1
이마트,12
해창1리.우리꽃식물원,10
무지개마을.건영아파트,6
시청앞,36
선경아파트,3
우성아파트건너편,19
일동주민센터.중앙병원입구,32
안중공용터미널,1
궁평2리.해운초등학교,2
부발역,13
성남혜은학교.수정청소년수련관,6
광교호반마을입구,18
광교차고지,15
호매실마을14단지.장애인종합복지관,53
풍림아파트.다문화가족지원센터,1
삼거리.원슈퍼.원마트,6
제약공단후문.구문천1리입구,19
성내미육교.판교박물관,7
모아아파트,1
장지동.조은교회앞,9
광명역푸르지오.빛가온초등학교,8
꽃밭,3
LG아파트,9
대성리,2
동백역.성산마을서해그랑블,24
홈플러스.시외버스터미널,11
성원아파트,4
평내호평역,1
일동우체국,7
청요3리,3
내유동종점,1
두레자연중고등학교,1
신안코아건너편,18
신남4통,5
본오교회앞,11
봇들마을9단지,4
해솔마을2.5단지,1
산본1동,38
관양중학교,12
상동역1번출구.부천터미널소풍.홈플러스,33
경남아너스빌.서판교성당,4
SK주유소,2
14단지아파트사거리,6
성남우체국,46
외삼미동입구,2
신라주유소앞,4
원종사거리,2
은행동현대아파트,21
필리핀참전비,1
아튼빌아파트.중원청소년수련관,19
상안리삼거리,12
송산주공1.9단지,4
의정부역.흥선지하도입구,4
안석2통,2
한신.길훈아파트,24
논골,35
삼덕공원,15
대황교.활주로,93
백현마을3.4단지.화랑초등학교,46
나래울,10
즐거운치과앞,1
모란역.모란시장입구.풍생중고교,41
향남교회,1
신라장건너편,1
기천저수지,5
동양파라곤,19
UN군초전기념관,53
융건릉.용주사입구,2
은계주공아파트,4
이충부영아파트,21
두산유리,1
성남종합운동장,5
평촌아트홀,1
성결대학.안양아트센터.명학역,25
벌음동,11
잔다리마을.이영미술관,13
권선보성.두산동아.신우아파트,19
북2리,25
청명대우아파트,26
군포중학교,8
시흥관광호텔.시화초교,9
LG전자물류센터,3
새마을주택,1
쇳골마을.궁내동톨게이트,29
중일초등학교.캐슬프라자,14
용호고등학교,2
신양금속,1
여월단독주택,5
장미마을.현대아파트,18
모란농협,6
계룡1단지,2
부천시청역2번출구.현대백화점.이마트,8
소사벌휴먼시아2단지,7
진위면롯데제과,24
위례31단지,5
송산4리,5
신원아파트,2
부대앞,3
정자사거리.수성고등학교,54
유니온타워.에일린의뜰,1
중앙공원.양지마을청구아파트,9
하길중학교,53
동탄2신도시홍보관,29
구성초등학교.구성지구대,29
동오리종점,45
화원,3
서수지IC입구,16
양곡버스정류장,1
분재단지.도촌동1단지,13
현대공조,2
파장동차고지(경유),11
태평오거리,2
대추골,10
주공2.3단지아파트입구,2
광교차고지(경유),3
홈플러스,19
중앙공원.산본제일병원,15
점촌,1
수원지방법원평택지원.수원지방검찰청평택지청,18
대동서적앞,1
발안주공아파트,11
무궁화진흥아파트,9
임광그대가3단지,19
백현마을4단지,21
오산청호아파트,15
봉림사입구,6
미디어라이브러리,7
삼익세라믹아파트.SKVIEW아파트,6
탄도,2
와동중학교,12
군포제일공단입구,38
진관사거리,1
동호상가,15
수원버스터미널,12
외대사거리.왕산교,27
통복시장로터리,9
안녕4통입구,18
KCC스위첸,9
명지대앞,37
가장산업단지,2
로얄팰리스아파트,23
동명아파트앞,6
신원당마을7단지,1
복합화물터미널후문입구,3
신동아파밀리에,17
투마트,3
상봉초등학교,39
금곡2리,15
사송동자동차검사소,2
선부2동주민센터,2
마전저수지,1
사강시장,5
백마역,2
문암골,3
매송초교.아름마을,9
우체국사거리.안양초교.중화한방병원,15
부천북초등학교,1
도촌7단지.8단지,2
성남초교사거리,20
가재3리.가재3리입구,17
월곡,3
물푸레3.5단지,8
공세성원상떼레이크뷰,12
항호4길,5
힐스테이트앞,36
양지파인리조트,2
한일아파트,1
레이크자이더테라스,26
삼환상가앞,3
안중읍사무소,2
각골공원입구,25
향남초등학교,1
동백우체국,13
우성고등학교,7
산하빌라,1
위브더스테이트9단지,2
한보라마을3.5단지,11
경찰대사거리,20
의정부역.서부광장,1
원천초교,39
풍년마을.김포고,3
수택1동주민센터,1
광명돔경륜장,2
흥덕단독주택지앞,22
독정4리,4
금촌역,3
도립도서관,8
우남아파트,12
예누림아파트511동,6
계향1리,2
평택성모병원,10
수레실.오포롯데캐슬,15
구장리새터말입구,2
한일아파트.삼봉마을,1
동편마을1단지,3
샘마을.대안중학교,7
창박골,8
포일센트럴푸르지오아파트,16
시곡초등학교,3
선수동,1
단대리약국,13
창곡2리교회앞,4
한림대병원,39
한국에보트,1
운천고교.운천초교,77
하남시청(중),1
삼송역5번출구,2
신영지웰.원일플로라아파트,3
공작마을.부영아파트,6
계향리,6
예비군훈련장,5
어천,43
포곡중학교,3
하안사거리.7단지,19
세이브존,13
군포G샘병원,22
파주역,1
금곡1리,4
중앙동우체국,12
대우아파트,3
안덕우리,1
군량2리입구,1
경남아너스빌,12
멱우2리,2
범계중학교,10
장미아파트,23
신환아파트,18
신흥마을,4
경기도박물관.금화마을입구,15
휴먼시아3단지,13
월피한양아파트,12
증거리입구,4
특전교육단정문.매산리공원묘지입구,2
회덕동벽산아파트,17
상유곡.버드실,2
슬항3리,5
성남세무서.미도아파트,12
수원아이파크3단지,18
평촌공고,1
이마트,1
장지리,11
만안초교,4
웅비아파트,32
송탄공단입구.가재동,21
시흥시노인종합복지관,2
인터플렉스스마트센터,4
둔대교차로(경유),1
종합운동장입구,6
오산리.천주교묘지입구,2
정부과천청사,10
죽전동성2차아파트,4
경안장례식장.이편한세상광주역아파트,5
텃골.중대동,21
대림아파트5단지,5
내손공영주차장,6
청화빌라.장미.롯데캐슬A.홈플러스,1
새마을시장,4
까치울역3번출구,10
송내역남부,6
양노3리,21
민속마을.쌍용아파트,2
중앙공원.양지마을금호아파트,59
삼환아파트,10
서재자이아파트앞,5
안산시청,11
마명2리.마을입구,1
한세대학교,12
뉴코아백화점,4
능곡초교,1
의정부성모병원,2
노블카운티,24
공군부대제2정문.면회실,4
중앙시장.농협,19
새터마을모아미래도,52
비산사거리.이마트,63
독정1리,9
동탄2휴먼시아4단지,48
우신공업앞,12
청요사거리,7
중앙역앞,20
탄요유적공원,16
래미안메가트리아2단지,5
래미안메가트리아2단지,8
아울렛패션몰,25
평내중흥.삼창.상록아파트,1
초당역(경유),3
발안만세시장,10
보라초등학교,29
건영.성원아파트.동구동주민센터,16
효성아파트입구,6
대우아파트.양명고교,57
아시아자동차,6
창뜰.장군수산,5
솔안슈퍼,7
성우.나래아파트,1
고주리.동방산업단지,7
부천소방서.부천대학사거리,4
자동차매매상사.기호일보,1
하남시청(중),1
선창포구종점,1
태평터미널,6
이천터미널,3
육일2리.코스코밸리,12
팔곡주유소,16
대하초교,4
유운1리,1
도금단지,30
삼성마을5단지아파트,5
용호고등학교,21
동아2차아파트.우성6차아파트,9
부곡가운길,5
사랑의교회,63
용소1리,6
UN군초전기념관,16
순복음교회,2
근린3호공원.이마트,1
병점고등학교,32
래미안메가트리아상가앞,9
삼성반도체남자기숙사,16
쌍학4리,3
광명시장,4
화영운수차고지,4
(주)아이아,6
상탑파출소,14
구성삼거리.태영데시앙아파트,31
남사,16
금강아파트,5
금호삼익아파트,2
부천역.국민은행,4
동원.SK아파트,10
대림e편한세상정문,1
문형1리봉골입구.노동행정연수원.우림퓨전빌아파트,5
안양시자원회수시설,14
해솔마을6.7단지,1
전대리,7
대원빌라,33
810관원형관앞,5
고잔역뒤편,5
왕곡동마을회관,1
판교도서관.판교청소년수련관,10
한진1차.문산역,1
벽산아파트,41
화성서부경찰서,20
백석역(중),6
성문,1
감드러지(독정3리),4
능실초등학교,41
부림마을.관양2동주민센터,10
롯데아파트,8
회덕동입구,3
풍성신미주아파트,9
부영아파트,9
광명우체국,3
광교웰빙타운.열림공원,20
수원동.쌍용아파트,2
이마트,2
시화중심상가48블럭,1
판교원마을1.2단지.판교도서관,19
용문사,1
동탄역.포스코,1
서인사거리.맥도널드앞,12
동양월드타워,23
월드아파트,7
안말.병무청.호원예비군훈련장앞,1
군자중.군자디지털과학고,5
죽2리,2
광교호수공원입구,26
역동사거리,7
양계장,6
가온마을2단지,42
경기테크노파크,2
극동.동성아파트,1
구갈초등학교.신성.한양아파트,14
둔전다리,5
대촌,1
LG빌리지2차아파트.강남아파트,30
산림조합.영동,7
서정더샵아파트,8
능곡병원,2
고등동,6
안산고등학교,2
초현용인공원묘지입구,1
반도유보라2차,1
도촌5단지정문,6
동구동주민센터,1
정발산동주민센터,1
일산동구청(중),3
초원세경아파트,10
마두1동주민센터,1
오산청호아파트,14
밀목빌라단지,2
금산사입구,7
선경아파트.성남중원경찰서,10
매곡리,1
외국인보호소,5
신미주아파트,58
동창골,2
고강선사유적공원앞,1
경인매일신문사앞,2
매곡리,6
역전우체국,1
성호로22길,3
부곡프라자,3
경기요양병원,1
증거리입구,16
추팔공단,2
안성의료원,9
신리고,2
군자주공12단지,1
소하1단지,11
시낭운동장,4
인정프린스.흥국생명연수원,28
평촌노인정,2
동아에코빌아파트,15
구3번종점,11
부천역남부광장,8
대야초교.ABC학습타운입구,1
광명초등학교,3
곤지암읍사무소,2
부산동슈퍼,39
칠보마을7단지,90
휴먼시아3단지,1
다정한마을.금강주공아파트,1
평택여고.세교중,1
지석역,8
신길휴먼시아3단지,3
호봉골,8
영남1단지.고합아파트,4
세교동부영아파트,6
안녕11통,1
순천향대학병원.부명고,7
중앙시장,4
객사리,2
삼동역육교,15
금어1리,4
구미동차고지(경유),5
현가리부대앞.전차사격장입구,1
궁안마을입구,7
선부초등학교,12
현대출고장.고인돌,6
냅떼,1
성복역.두산기술원,20
논골,5
소하2동주민센터.광명동굴길입구,12
청요2리,10
대우아파트.장곡중학교,2
매화초등학교,11
주공아파트,15
한강센트럴자이,2
원당대림아파트,1
무진아파트,3
군자우체국앞.군자파출소,10
센트럴하이츠아파트,11
백암터미널,3
KT안성지사,1
비전파출소,7
LG빌리지6차.성복동주민센터,6
LG빌리지1차,36
수원전산여고,27
부천소사경찰서,1
부천남중학교,2
독정2리,4
웰츠타워,13
브리즈힐.센트리뷰,2
삼막교,16
신남4통,6
노루실,2
용인터미널(경유),10
공작한양,4
홈플러스,8
함현고등학교,1
성결대학,14
51사단,23
계양리(마을회관),8
정남초등학교,4
구장1리(새터말.율암리),4
중앙초교,2
통복시장,11
고색동입구.고색삼거리,30
서신사거리,3
시청.용인대역,31
독곡삼익2차아파트,18
천천리일광사,14
뱅뱅이,1
금강아파트,5
지월리입구,7
명문고등학교,9
광명시여성비전센터,4
중산마을2단지.해태쇼핑.코오롱아파트,1
주은.풍림아파트,9
시미1리남진말,1
로얄팰리스,10
재활용센타,2
아름다운교회,5
여성회관.복전원,15
기형도문학관.황용사,1
벽산아파트,6
망월리,5
추자리.오포초등학교,5
위례부영사랑으로정문,2
산성동행정복지센터,5
세교육교앞,18
사강복지회관,6
야목리,37
더샵프라임뷰아파트,25
먹자골목,6
신동아파밀리에,22
의왕시청,7
백현마을1단지,8
신리앞,10
서부공영차고지,17
삼신아파트,6
주은.풍림아파트,3
성남세관.고령친화체험관,6
상기1리호현리,10
오산장례식장,9
승마장입구,2
코스트코광명점.자경마을,2
셀레스빌아파트,4
호동초등학교,5
군포부곡도서관,12
서울예술대학,6
이매중학교,5
이화2리앞,3
상우연립앞,7
지곳동,10
복창육교,12
동백동주민센터,10
은산리,4
발산중학교,1
손가면옥,1
진우아파트,3
수자원공사광명가압장,1
광명농협,9
벽산아파트.굿모닝병원,20
㈜에이디티,1
솔안고개,1
중원구청사거리,6
선부2동주민센터,2
송라1리,8
자안리,21
대학9길,1
사동주유소건너편,9
감골도서관,10
동안교,14
문곡1리,2
화정초등학교앞,3
부곡중학교,2
e편한세상,18
파발교.최영일산부인과,5
북부역사거리(경유),1
수주초등학교,2
미득골마을,21
매원초등학교,7
청덕초등학교,1
자봉마을.써니밸리입구,9
현동빌라,2
벽적골8단지,3
정각사입구,1
부천대학교,2
계향2리,14
탑마을주공8단지.중앙도서관,1
주공6단지,7
삼성반도체중문,7
남천병원.서울시남부기술교육원,4
광교호반마을21단지,8
광교차고지.연화장입구,9
보라중학교,44
산성리(경유),3
우석철강,1
발안마을주공아파트,7
수원역.애경백화점후문,12
삼익아파트,10
광명국민체육센터,4
일양약품,32
동신아파트,1
좌전,2
광교에일린의뜰.광교호수공원,27
계향1리,8
성포중학교,15
별내리슈빌아파트,3
평촌동주민센터.인덕원대우아파트,11
옥길LH1단지,1
덕절1리,1
행정리,66
내정중학교.한솔4.5단지,9
전대교앞,1
덕장교회,7
율전동,5
반도유보라정문,3
한국무역정보통신,56
오금동주민센터,5
이매촌안말초교.성지아파트,4
초당고등학교,19
안양시청,23
목감사거리,3
운중동푸르지오하임,2
오전초등학교.동백아파트,7
성일중고.성일정보고.동광중고,17
구문천공원,3
도덕파크1단지입구,1
마두역(중),15
농협.곤지암연세의원,5
청덕중고교.지식산업센터,5
복정동주민센터,2
우림아파트.화성노인회관,3
동고1리,3
분천리.분천교회,4
강선초등학교,1
매송초등학교,16
금곡동구종점.금곡초교,2
남한산성입구.양지파출소,10
무궁화코오롱.건영아파트,12
풍덕고교.성원아파트.지역난방공사.정평중학교,3
맹리,6
어은삼거리,14
신일아파트,1
세교동태영아파트,10
구운동하이마트,24
공도시외버스정류장,6
동화마을1단지.화성고용센터,11
광주하남교육청,1
인현마을,9
덕풍현대아파트,2
은행중학교,1
장짐삼거리,3
한국도로공사,29
봉현마을.광동중고등학교,3
KMW복지관,3
안성종합버스터미널입구(경유),1
추조리,1
송전터미널,10
율암삼거리,3
북변환승센터.구터미널,1
안정5리,5
신창,1
석수초등학교,3
왕성교회,4
요리공단,1
수진리고개.태평고개,4
처인구청.용인농협,7
남양보건소,15
포곡초등학교후문,3
소사역,6
빙그레.코아로아파트,7
의정부우체국,1
푸른마을4단지,2
동수원남양병원,8
태평3동행정복지센터,2
송탄제일중고등학교,3
종합운동장사거리,8
한빛마을3.6단지,2
신흥시장.수정보건소,4
성문,1
주공1단지.무궁화아파트,4
천리입구,2
석수초등학교,11
대원아파트,1
고양동시장,1
직동,2
직동삼거리.광남화물,2
기흥농협,10
남왕마을,1
진건초등학교,2
가래비시장,1
깊은구지사거리,2
전곡터미널,1
가운지구입구,2
롯데칠성음료,1
대명아파트.경기중앙교회,3
도담마을.롯데캐슬,14
산들마을2단지,2
보네르빌리지아파트,3
샛별마을동성아파트,5
구장사거리.공구상가,4
백운고교,6
동아아파트,20
킨텍스,4
판교고교.송현초교,13
장곡고등학교.숲속마을,2
의정부역.동부광장,2
금복리,4
죽전초중고교.대현초교,2
성남시청,75
안양대교앞,6
신일해피트리아파트,26
죽2리,1
한솔마을청구아파트,7
상광교마을회관,4
운중초등학교,3
관음당.두원대입구,3
두원대입구,1
화성시청후문,2
상두2리,2
남곡사거리.남곡초교,2
장안타운.건영아파트,14
호계소방파출소,1
평택경찰서사거리,8
유천아파트,1
중산마을10단지.동신아파트,1
모현초등학교,6
지석역,2
이충동현대아파트,17
안산시외버스터미널건너편,3
광명역세권1단지후문,19
걸포삼거리.하이마트앞,1
삼익아파트,3
내기삼거리,1
내대지마을.힐스테이트,27
꿈마을아파트,18
뉴골든아파트,5
경방기계,3
13단지아파트입구,7
풍림아파트.산림욕장삼거리,2
소사동주민센터.부천성모병원후문입구,2
각골초등학교,24
금강3단지,5
래미안메가트리아1단지,2
수성중학교,10
문예회관입구,1
불곡고등학교,2
월피주공2단지앞,4
석수초등학교,6
정화종합기획,1
신안인스빌,1
가현마을.신갈성당,5
원리,20
신안아파트,11
신남4통,1
삼미.쌍용아파트,12
상록구선거관리위원회,9
한전사거리,35
신왕공단,2
관사.일신건영.새마을금고,1
김포초교,1
금강펜터리움IT타워,27
수암파출소건너편,6
가운휴먼시아.도농해링턴타워(중),2
롯데캐슬정문,2
강남대역.강남대입구,22
천산교회맞은편,5
묵4리.한덕,1
오뚜기식품.두산벤처다임.나눔초등학교,21
인덕원삼성아파트.인덕원고등학교,9
어은목마을.코아루아파트,5
뿌리기술센터.금형기술교육원,1
돌다리.구리전통시장(중),7
유통상가,8
동신빌라.하탑중학교,18
삼동역.바깥가지울,3
어린이공원앞,13
공원마을,18
포천의료원,1
태장고등학교,7
낙생초등학교,5
삼성아파트,1
쥬네브상가,6
숲풀안앞,1
수내동소방서.쌍용아파트,9
군포G샘병원,4
군서초등학교,1
앞말,15
백현고등학교.한라비발디아파트,32
초지역,8
(구)안성터미널,11
한경대,17
안산디자인문화고등학교,2
영천1동,17
의왕초등학교,6
연합강건,1
매향2리,1
궁평해수욕장,3
도촌5단지.도촌종합사회복지관,7
장현2리,1
십자약국,1
용호고등학교,4
하갈1동입구,11
금호카센터,16
장전평왕산주유소,4
덕정주공7단지,1
송탄고교,6
동아아파트,11
KTX광명역2번출구,1
수원아이파크2단지,3
용문터미널,2
갈매1.2단지.이스트힐정문,1
효자연립앞,2
항공대입구(중),1
고매사거리.고매농협,9
객사리,5
어천저수지,2
교수마을,7
평동,18
군포초등학교,5
성포주공10단지,1
남양시장.하이스트빌,2
갈매2단지.이스트힐후문,2
성원아파트3동,56
엔씨백화점,6
신영지웰,17
금용아파트,3
남사(내기),15
과천주공2.3단지,18
법원검찰청입구,3
복사골문화센터.반달마을,4
하저3리.한미약품,5
어정풍림아파트,2
한솔리치빌1.5단지,2
광도와이드빌,3
동산고교앞,1
은산5리,6
팔탄공단앞,2
밀목사거리.광주시청앞,1
상지석.대우.진흥아파트,1
까치고개,4
비전고등학교,5
수원지방법원평택지원.수원지방검찰청평택지청,3
충훈부종점,1
행정리,3
동보아파트,17
우성아파트정문,10
상록구선거관리위원회,10
그린타운상가.무지개마을,1
중흥아파트,3
평택고용센터,3
모현지석묘입구,1
부림동주민센터,10
봉담한신아파트,19
피사리골프,2
오리초등학교,5
율촌화학앞,1
삼호아파트,4
내1리.내촌축협앞,1
광능내종점,1
심곡천종점.부천보건소,3
교동,1
서해아파트,9
삼보상록마을정문,43
본오아파트앞,21
북부도서관,4
덕풍시장.KT하남지사,3
비냥,1
광명소방파출소,1
염심,6
호수마을자연앤데시앙.월드메르디앙,2
성남혜은학교.수정청소년수련관,6
대화역,9
광덕시장,5
부곡제2종합시장,4
사리운동장,11
송내역C,1
양석골,5
백산철강맞은편,1
쌍송2리앞,3
송내역A,1
부곡초교,2
모아미래도.자연앤,1
녹양역,1
성남수정경찰서,4
수리동설악아파트,7
컨테이너기지,3
부천체육관북문,1
화랑공원남편,35
풍림2단지,1
화성시청,1
동성아울렛,5
갈목,1
사릉역,1
국방전직교육원.밀리토피아시티,4
중앙역건너편,10
통복시장,12
화성푸드통합지원센터(로컬푸드직매장),14
내손초등학교,10
홈플러스,7
보은용사촌.펜션단지,1
제3697공병부대,1
리베라CC,45
서현문화의집,5
송내역.반달공영주차장,1
목련마을,1
7단지아파트,2
금당터널입구.쌍용아파트,2
안산디자인문화고등학교.상록고등학교,39
양지면사무소,3
구장1리,1
금정초등학교,7
문발동.아랫말,1
서해아파트앞,16
신일아파트,10
안양세무서,6
LS타워,71
성산동.이성산성,1
소사어울마당.소사보건소,1
삼성아파트.대우아파트,6
곡정고.수원아이파크시티7단지아파트,11
임광아파트정문.효자촌입구.분당중앙교회,3
내대지마을7단지.새터마을,6
한국철도기술연구원,3
사동정비단지,2
시곡중학교,4
국립암센터,4
고잔역앞,4
용사촌입구,1
정재초등학교,3
화정1동주민센터,1
내동.내손초등학교,4
밀목빌라,2
명법사,1
평옥,2
현대아파트,4
수평사거리.우림아파트,1
건영빌라,30
거무개삼거리,2
거모동동보아파트,1
율천고등학교,4
신원아파트,2
대양2리,6
배다리.서하남나들목,5
박달삼거리,6
만안평생교육센터,4
금호어울림,2
고대병원앞,5
광교호반마을21단지,13
대주피오레1단지,13
영남2단지,4
금정새마을금고,1
안양1번가,1
주내성당.파주휴먼시아,1
회룡역,6
통복동신명보람아파트,2
주공7단지,1
한국폴리텍대학,3
화훼단지,1
임광그대가3단지,26
어은목마을.대원칸타빌,5
수원아이파크5단지.곡정초등학교,17
초월역.롯데아파트,14
초월읍사무소.초월도서관입구,5
율동공원사거리,12
태영데시앙,2
동화휴먼시아6단지,9
반도유보라정문,1
세평지하차도(경유),1
시흥고교.태평아파트,4
화정2동주민센터,2
대림호수공원아파트,8
와동중학교입구,2
선경무궁화아파트,11
신미주아파트,2
광복시장.철산두산위브아파트,1
유운2리,1
용덕사.자애원앞,1
장암주공2단지.장암우성아파트,3
성남초교사거리,3
대진고등학교,7
현대모닝사이드2차아파트,12
계룡리슈빌,1
갈매3단지한라비발디정문,1
제2가장산단1지구,10
팔탄면사무소앞,8
한진아파트,1
팔탄초등학교,8
성균관대역.고용노동부경기지청.율전성당,3
수리산역.5단지,9
홈플러스,8
금호전기,2
e편한세상11단지,1
화성종합경기타운사거리,3
구성동주민센터.삼성래미안2차,13
청요사거리,3
장짐삼거리(경유),7
현대아파트,7
한다리마을,3
당골마을,2
창동,1
청솔마을,1
청실빌라,1
장지2동.앞가지창고,1
가천대역.가천대학교,3
푸르지오3차,1
철산2동주민센터,5
용두2리,2
복합화물터미널후문입구,9
민락동종점(경유),3
양교3리,1
근로자복지회관,18
벽산블루밍,15
미사강변12.13단지.구산성지,5
신일유토빌아파트.신안인스빌아파트후문,1
숲속길마을3.6단지,1
진흥아파트,11
광명소방파출소,2
도자박물관.친환경농산물유통센터,2
에스콰이어,2
수협사거리,1
일동주민센터.중앙병원입구,8
성령교회,4
포스빌.안양고용센터,21
최촌마을,2
장외리,4
신촌초등학교,1
향교아파트,3
방배아파트,1
이매촌금강아파트.코오롱아파트.동부아파트,3
보적사입구,2
동탄홈플러스.다은마을삼성래미안,2
상공회의소,8
동백역,2
아이파크분당1,2
영천1동,19
동양아파트,1
8.9단지,7
용인시장.시장약국,14
삼정선비마을,1
양병원.남양주고용복지플러스센터,2
어정마을.서희삼정아파트.어정가구단지,3
옥길단독2블럭.상업지역,6
죽전초중고교.대현초교,3
신현3리,8
벽산.대주아파트.나이키,5
고양경찰서앞.고양어린이박물관,1
수자원공사광명가압장,1
무송2통.술현,3
고잔주공1단지,2
양감면사무소,6
해양중학교,7
한국제지,1
GS자이6단지,1
모아미래도.KCC스위첸,15
봇들마을5단지,11
휴먼시아1단지,1
을지대학교.생활관,4
제일정형외과앞,1
새마을시장,1
벽적골주공8단지,9
대우푸르지오.호반베르디움2차,12
이천역,3
가현초등학교,2
태영데시앙,3
태영데시앙,3
정문1리,1
광교해모로아파트,5
경희대체육대학.외대,13
서신면사무소,1
안양감리교회,3
조암터미널,9
대주피오레2단지상가앞,9
영지,1
광명시민체육관,1
벽산테크노피아.성남소각장,29
군자파출소,4
별가람중학교.별내리슈빌,1
가림초등학교.자동차경매장,4
사랑리,1
봄빛병원,4
남양아이파크,3
부천역남부광장,15
동서울공업사.시안정문,7
미사강변한신휴플러스.16단지,1
기아자동차후문.한소망교회,9
미사강변18단지.하남고등학교,1
관악역,3
아파트형공장,7
포일센트럴푸르지오아파트,15
한가람마을우미린.호수이편한세상,1
유토피아,17
철산동우체국.철산래미안자이아파트,3
성현마을3단지후문,3
풍림아파트상가,4
이천롯데프리미엄아울렛,2
상현역,20
봉림사입구,15
진로아파트,1
공단본부입구.반포산업사거리,38
야탑2동주민센터.차병원,12
푸르지오.반도유보라앞,1
부곡지구입구,2
팔곡마을주공아파트,21
철산푸르지오하늘채아파트,2
근로자종합복지관,18
호반베르디움,3
남촌오거리,40
세마동주민센터,7
삼막동입구,1
구리등기소.구리고용복지플러스센터,1
케피코경기외국어고등학교,18
금토천교,109
후곡마을4단지,2
당정초등학교,37
단국대.치과병원,10
광동제약.삼성홈플러스,35
청학동(경유),1
킨텍스제2전시장,3
남곡사거리,2
현대기아연구소(경유),1
대림아파트1단지,4
바이오단지입구,18
송북시장앞,5
우방아파트,4
백산철강,2
산업단지중앙로,4
선부주공15단지,2
우림아파트.화성노인회관,4
신나무실5단지,4
대양4리,7
시청서문앞,10
부천범박힐스테이트1.2단지,6
죽산삼거리,1
판교원마을2단지,2
영조아름다운나날1단지,10
광명시여성비전센터,9
생명과학대.산업대학,8
대옥아파트입구,2
수원역.AK플라자,12
감드러지(독정3리),1
모란공원.마석그랜드힐아파트,4
수원원일중학교.매원고등학교,66
나이스골프장.희창냉장,10
개미촌.온누리교회,1
합정대로,7
신동아아파트,14
운정역,2
뉴욕치과,7
송탄클래시아,9
서근리,1
서근리,1
푸르지오6차후문,4
늘푸른오스카빌후문,16
산본고가도로,10
돼지고개.삼존리물미,6
송교1리,8
용이동삼천리가스.용이푸르지오2차앞,2
석포초등학교,3
지킴이마을.타래치길,7
밤섬유원지,1
양지마을8단지.민락푸르지오아파트,1
새마을연수원입구,15
우남퍼스트빌,1
향남부영3단지,5
샛뿔,6
옥산마을,6
송내역C,7
관악장애인종합복지관,4
대륭테크노타운,17
광동제약,14
광명사거리역,3
송현초등학교.판교주공4단지,4
연성대학교,37
양지사거리,4
삼천리마을앞,6
광교체육센터.다산중학교,26
하얀마을.그랜드빌.벽산빌라,2
평택경찰서사거리,3
부천보건소.건영아파트,3
도곡초교,1
반월공원입구,3
칠괴동우림아파트,1
광장앞,26
한국복합물류,4
반도유보라후문,3
동원고교.해우재입구,72
한림대병원,5
차그룹컨소시엄,18
용강빌라,8
장지천,18
단국대.인문관,101
현촌교회.현촌3길입구,4
비산화성파크드림,6
장지마을(중),1
세브란스병원,3
주곡1리,2
자안리,7
야탑역사거리(경유),12
동탄보건지소.우체국,1
백현마을5단지,8
현대아파트,5
삼정종합사회복지관,2
평택보건소앞,1
스타타워.동방렌탈,21
진위면사무소,14
와동체육공원,3
노동복지회관.오정시장,1
수원농협,6
건영아파트,3
과천성당,4
철산리버빌아파트,2
3단지.율곡아파트,14
금성제어기(주),2
라인.한솔솔파크아파트(중),1
기흥초등학교,7
춘의아파트,1
송내역남부,2
초당초등학교.현진에버빌,1
나염단지입구,11
외대사거리,5
골드프라자,9
벽산아파트,2
상록하늘채,3
단석산업,1
태평4동주민센터.금빛초교,6
군포중학교,6
팔탄초등학교,10
창곡1리,2
하광교느티나무,6
현대아이파크2차,1
우성아파트,2
한국바이엘,2
부곡2리,1
자연앤센트럴자이정문,3
삼성래미안아파트,45
장안한신라이프빌라,2
군포소방서,2
푸르지오3차,3
경원여객,5
경남아너스빌.서판교성당,6
수원고용노동청,16
동양선교교회,2
외대.모현빌라,5
매원초등학교,12
천산아파트,29
성남세무서.미도아파트,7
진흥아파트,5
이천시외버스터미널,2
보라신창아파트,26
소하1동주민센터,1
군포문화예술회관,4
창뜰마을입구.한토이,7
판교PDCC.NS홈쇼핑,21
왕곡초등학교,6
부천보건소.건영아파트,2
지식산업센터,13
경희대정문,4
친목마을,6
석수하우스토리아파트,8
대명각,3
금단식당,2
영원무역,18
제일주유소,1
현대모닝사이드1차아파트.새마을입구.신현리,4
내대지마을6단지.새터마을,1
이곡마을3단지,1
한보라마을4단지,14
회차(경유),3
판교원마을11단지.낙원중,2
우리은행앞,25
삼영전자,21
동백한라비발디,3
스마트스퀘어.대한전선앞,9
분당중앙공원,2
동아엘텍,78
중앙공원,26
뒷말(경유),1
세성아파트,1
엔씨소프트.안랩,27
한국디지털미디어고등학교,17
무송그린빌리지,1
평택여중사거리,3
호계도서관,18
밭말길입구,5
여울길건너편,1
경기과기대.시흥에코센터,5
마도사거리,6
권선구청.경기종합노동복지회관,46
삼동역,4
송탄공단입구,2
태행산예비군훈련장앞,101
화랑공원동편,21
프레미엄아울렛,1
부곡중학교,11
부천역북부.농협,3
행신동삼거리.무원마을10단지,2
유니엘플렉스,5
하얀마을.백송마을,3
곤지암1리.소머리국밥,4
영남6차아파트,1
공단본부.샤니,22
생명공원,7
봉담IC교차로(경유),5
3단지.소월아파트.다산아파트,7
한성빌라,5
성남시영생관리사업소.장례식장입구,3
두산유리,13
범한프라자,3
신일기업,1
위례보미리즌빌.위례아트리버푸르지오,11
망월리,14
광주중앙고등학교,5
KCC스위첸,25
군포소방서,2
우림아파트,3
북양교차로,43
광명6동주민센터,1
그린공원앞,30
수택동농협(구축협),2
태전2리마을회관,1
덕산전자산업,2
서울기록관.코이카,13
무송1통마을입구,3
산본고가도로,4
오리초등학교,2
댕이골,3
이노밸리.포스코ICT,50
푸른지대,17
신봉중고등학교.신봉동일하이빌4단지,9
고양경찰서(중),1
태화상운차고,3
한양대게스트하우스,12
초당중학교.코아루아파트,6
배밭,7
수리동주민센터,6
분당구청.중앙공원후문,14
대명아파트,14
도래울마을2.3단지,5
서정마을(중),2
창업보육센터,26
어정마을.서희삼정아파트.어정가구단지,2
문형3리되치미,10
중동역,1
동안산병원,2
군포시평생학습원,6
송탄초교,1
서운면사무소,2
선경아파트.성남중원경찰서,12
구공단파출소,6
일산시장,1
용인대,4
서랑동마을입구,13
판교원마을11단지.낙원중,7
삼환진덕아파트,8
B-7블럭,1
신한의료고무,2
이마트,8
평택공단,6
독정3리,1
월암동.부곡중,14
양도사거리.대림.신안아파트,3
초당역,3
권선대림아파트,1
개내교.옥산주공아파트,1
광교해모로아파트,17
백자아파트,11
봇들마을5단지.테크노육교,8
구장사거리앞,6
덕정주공3단지,1
매화초등학교,4
수암파출소,5
하안4동주민센터.하안주공4.10단지,11
모전리현대아파트,1
케피코경기외국어고등학교,18
한전앞,7
해창2리.능인대학원대학교,3
당동초등학교,11
네오빌6단지,5
외국어대학교기숙사,1
범양아파트.롯데마트,1
동서울대학교,9
은행동주민센터,6
지곡동입구,3
한빛교회.월든힐스아파트,2
진목2리,2
봉담호수공원.신협앞,10
효성티엔씨.신진자동차학원,13
잉크테크,3
부곡주유소,3
경기외고,1
신중동역3번출구.원미경찰서.롯데백화점,4
탄현서광아파트,1
동탄2부영아파트,13
장지1동.전지마트,2
이호초등학교,5
하안1동주민센터,3
갑종주유소,1
평촌스마트스퀘어,2
그린빌14단지,4
신남1통,2
수지구청,31
왕재고개,8
H스퀘어,20
금강맨션,1
독정5리마을회관,2
야탑중학교,3
송탄공단,3
심곡동양파라곤,2
여월휴먼시아1단지.까치울중학교,1
군포시평생학습원,5
수련개,4
청담고등학교,1
상두리맹산,2
밀목사거리.광주시청앞,5
석수아이파크,9
태현공원,1
보통리입구,15
풍덕천2동주민센터.신정7단지,16
부천역차고지,2
의왕시청,1
세교동부영2차아파트,6
왕림윗마을,1
목련우성아파트,25
안양문화원.소방서,3
오정초등학교,1
부천종합운동장역5번출구,2
석운동,5
청학리주공2.3단지.농협,2
수락산입구.동부거성아파트,1
이천고등학교,1
평촌스마트베이.오비즈타워,27
한신.호반3차아파트,7
우림라이온스밸리5차,23
연성초등학교,1
보라쌍용아파트,4
남한산성입구역.법원검찰청,13
한백초중교,12
철산우성아파트,1
우성아파트,1
경인교육대후문,4
그린빌14단지,3
동진마을,4
신동문아파트,1
용상골현대아파트,11
대한통운.동화산업,1
광덕중학교,2
태평3동파출소,2
사창초등학교,3
본오지구대,2
을지대학교,14
오포농협,2
독점마을(경유),1
숲속마을4단지,8
르노삼성자동차중앙연구소,15
남양중고교입구,30
동원아파트,2
탑마을주공8단지.중앙도서관,7
한국도로공사,5
이채쇼핑몰,1
판교호반써밋플레이스,6
마송,1
대림아파트,4
안산대학교,11
신라장,16
농수산물시장,9
당정우편취급국,17
안양우편물류센터후문,4
미도아파트.메트로병원,8
신평리,2
기남방송,3
진웅산업,1
삼동역육교,3
주암동,1
은행시장.남한산성시장(좌석),1
학운공원,1
사우고교.김포시청,1
서울구치소,8
신한중고등학교,6
역북초등학교.삼환나우빌,6
상탑파출소,6
덕현초교,1
한보라마을1단지,6
정왕고,3
시범상가,1
철산역.광명경찰서,11
모담마을,1
안산문화원,3
소사종합시장,2
덕천교,1
우체국사거리.안양초교.중화한방병원,3
목감사거리.농협,1
신한에스빌아파트앞,9
컨테이너기지,2
선유주공3단지,1
산성동,4
리더스하임8단지,2
한국산업인력공단,4
천리농협.샘골마을,4
성현마을주공3단지.반도유보라,1
서랑동저수지,5
시흥보건소,2
한대앞역,16
광명7동주민센터,5
인정피렌체아파트,5
월암종점,2
한국철도기술연구원,1
가현마을.신갈성당,8
온석2통앞,7
느티나무,9
아모레,12
모란역2.3번출구,9
명지대,2
SK테크노파크,4
미사강변센트럴자이.더샵센트럴포레,1
송산리입구.부처내고개,4
고려당사거리,12
어은목마을.코아루아파트,2
인덕원삼성아파트.인덕원고등학교,1
벽산1차아파트,1
대우2차,2
목감지하차도입구,1
부안중학교,4
산대초교,6
빙그레.코아로아파트,1
공단오거리.공단주유소,15
법무연수원,1
새마을연수원입구,2
사색의광장,27
약수터휴게소,2
이지더원1차,3
백토리상공회의소,4
경기외고,9
비산농협,9
포일삼거리,3
삼거리,3
동막초등학교.호수마을계룡리슈빌.어울림,3
내리교,5
경기테크노파크,7
교수마을,2
문기,3
성포중학교,1
진흥아파트,2
포브스병원,9
경남아너스빌,3
행군리,2
롯데시네마,1
쥬네브상가,7
장안3리,2
수원대학교,3
광명샤인빌.현암고등학교,1
성남수정경찰서앞,4
국민체육센터,1
박달주유소.호현삼거리,3
벽산테크노피아.성남소각장,1
수원남부버스공영차고지,22
광교한양수자인,21
숲속마을1단지,3
일산역,3
산성동행정복지센터,2
탑동아파트,14
만물상회,3
구3번종점,3
절골.장지동.미빙냉장,4
동삭동현대아파트,4
천혜보육원,1
태영빌라3동앞,3
초지고등학교,6
광평삼거리,5
청요1리,5
청북읍사무소,3
꽃가마약수터,14
(구)성남동주민센터,4
수원신학교,1
시청사거리(경유),9
(주)코리아써키트,1
양우아파트,1
한양아파트,4
광명초등학교,4
하안3동주민센터.하안주공7.8단지,2
탑마을대우아파트,11
더샵센트럴시티,2
산하빌라,2
지곳동,13
제2가장산단,3
사송동종점,3
한솔마을청구아파트,1
동명아파트앞,2
차고지입구,6
문형교차로,7
농협삼거리.우미린아파트,7
문화공원,15
하광교,3
보건소.공설운동장,2
정문정보,2
공군아파트,5
꿈마을라이프,2
봇들육교,29
주공6단지,1
새마을,5
의암교회앞,1
용머리다리,12
궁평해수욕장,1
상대원차고지,1
행정복지센터.새마을금고,5
현대.금강아파트,1
남양휴튼아파트.진접우체국.풍양보건소입구,4
삼천리자전거,10
궁전아파트.성지아파트,8
부곡중앙중.군포중앙고등학교,1
영문2리,1
역곡2동주민센터,4
백현중학교,5
고잔고,6
한원IC,6
엔씨소프트.안랩,20
여주종합터미널,2
일동도서관,14
담터,2
e편한세상1차.태전파크자이.힐스테이트,3
한국복지대학교,1
효병원.국민은행.축협,1
경기도청입구,20
새마을금고,1
괴안동행정복지센터,2
덕고개34,4
소명여중고입구,4
문형2리.영진빌라,10
용인동부경찰서,1
수레실.능평1리마을회관,3
안산문화글로벌광장,4
제일풍경채아파트,2
한보라마을7.8단지,6
GS아파트정문,8
한보라마을.7.9단지,9
시안공원묘지.주성엔지니어링,2
시민시장입구,4
사동주유소,1
황송터널.은행1동,2
관악초등학교,3
서랑동마을입구,3
도투락입구,22
제기리.양지말,1
재활용센타,2
백선교회,11
장안타운입구.한신빌라,3
코카콜라물류센터,1
원정6리,1
안중공용터미널,2
칠보쌍용아파트,10
은행동입구,2
장미마을.현대아파트,5
평촌아트홀,1
성안중학교,1
덕장초교,5
구문리,1
도일시장,8
선경아파트,23
8단지삼환계룡아파트,6
동편마을입구,5
SK뷰2차아파트,3
단원구청.단원보건소,5
삼죽,1
봉산로터리,1
창말,1
세수동,4
수기리아랫말,7
제2가장산단2지구,13
범박휴먼시아,3
자경마을.석수스마트타운,6
신현리.대호빌리지,2
성남냉동,9
박애병원,9
쌍용3차.부천테크노파크,1
옥박골,2
삼상리부대앞,1
부곡중앙로,9
대덕사,4
당아래,3
광명시민회관,8
쌍용자동차앞,6
용인.매산리,3
안중구터미널,1
광남중학교,1
장당초교.제일하이빌1차,7
롯데마트,9
한양슈퍼,2
코오롱아파트정문,1
경인교육대,1
죽전도서관앞,1
내손초등학교,9
서면초.안서중.광명경영회계고,3
전마을,1
중일초등학교.캐슬프라자,7
서흥금속앞,4
산성역.신흥주공아파트후문,8
솔매마을,3
법원검찰청.평촌역,12
석포1리입구,1
북양2리,3
만물상회,4
양지편.청계성당,5
오이도스틸랜드,1
휴먼시아6단지,2
사우고교.김포시청(직행),1
상안리.한국발효,4
능골마을앞,10
신영프라자,2
흥덕마을14단지앞,14
경기도종합사격장,1
당수동시민농장,10
초지역,19
이마트물류센타,7
창곡주유소앞,4
사창초등학교,2
신안아파트앞,2
건영빌라.분당요한성당.장안중학교,3
도당동주민센터,4
하얀마을,1
약대초등학교입구,1
우성아파트.한내초교,1
안산공고건너편,2
한국글로벌중.한국조리과학고,3
덕소초등학교후문,1
신한아파트,1
별사랑마을2-7단지,1
대성아파트,4
현대1차.요진아파트,1
오렌지아울렛앞,1
아모레,4
정문2리,1
초월역.롯데아파트,11
중앙병원,3
광덕고입구,2
송전세광아파트후문,3
송전세광아파트후문,1
교포리입구,1
월암교,7
늘푸른오스카빌정문,11
가톨릭대학교정문,7
송담대,8
덕성초등학교,3
괴말,3
현대아파트,2
두평,2
주영교회,2
수원터미널(경유),6
부곡중앙초등학교입구,1
길마재,1
외국어대학,1
장외리,1
독정삼거리,1
여성회관,3
평내화성.유진아파트,2
파주삼릉,1
유상냉장,2
오산시청옆,5
서초빌라,3
벌말,2
부곡프라자,8
네이버.아데나루체,7
팔각정,11
동부아파트,6
여월중,3
월문리,1
너더리육교,4
청덕아람공원.88CC,3
대림1단지,1
군포성당,13
한빛교회.월든힐스아파트,5
새마을금고.구리시장입구,2
자동차경매장.가림초등학교,2
아름마을,1
다솔농장,1
소동촌,5
경희대차고지(경유),2
제2가장산단1지구,20
에이스아파트입구,1
탄천종합운동장,3
안현동,1
하안주공501동,1
상동고,1
팰리스카운티.부천중학교,1
도래울마을2.3단지,4
예비군훈련장입구,1
산본래미안아파트,6
대성병원,4
이화1리앞,1
소사초등학교정문,1
문형4리.수렁개,3
청구아파트.대림아파트,1
여우내마을,1
의왕통합관제센터,9
현대기아연구소,7
대우자동차,2
동문아파트,3
추동아파트,1
산정리,2
경인합섬앞,3
주공3단지.월드사거리.월드아파트,2
원종종합시장.성곡사거리,5
한국복합물류,4
퍼시스,3
케원마트앞,1
금오초등학교,1
의왕보건소.의왕경찰서,1
호원고교.호암초교,1
코오롱하늘채아파트,6
그린빌10단지,1
서신초등학교,6
덕성리삼배울,1
김포한강신협,1
호수마을(중),1
호현마을,3
럭키아파트,7
법원검찰청입구,5
풍림아파트,2
월피주공3단지,4
율동아파트,4
농협.KT석수시점,4
군포산업진흥원,1
곤지암역.예계교,7
부안초교.동원주택,4
대진고등학교,4
성남동성당,2
자이.호반베르디움,1
매송중학교.풍림아파트,10
신영프로방스.현대물류센타,4
대야도서관,2
양지편,1
부용초등학교,12
건영2단지.영남5단지,2
산본1동,3
평택여고,2
보통골동양공업사,1
대동청구아파트,2
올림픽스포츠센터,4
후촌,4
신환아파트,5
코오롱하늘채아파트,5
KEB하나은행도당동지점,1
산들마을1단지남문,1
연현초교,4
단국대학교.죽전야외음악당.성현마을2단지,7
상기2리,35
매산리앞,2
하나로문구,6
행신동(중),1
정광산호아파트.원일아파트,2
보건소.만안구청,5
율동아파트,1
의정부시외버스터미널,2
상광교신다리,1
열린슈퍼건너편,3
외국어대학교,2
민속마을닭죽촌,3
원미풍림아파트,1
한솔고교.정자동주민센터,2
정왕역,3
함성2차아파트,2
안양역(경유),2
만수철강,3
오비클,1
퇴촌면사무소,2
시흥등기소,1
수자원공사입구,1
사들,1
동아에코빌아파트,5
한보라마을1단지,6
신미주아파트,2
숲속마을2단지,1
석수3동주민센터입구,2
비봉교차로,2
초원대림아파트,3
가람마을2.8단지(중),1
용이동삼천리가스,1
평택성모병원.장미타운,4
아름마을.방아다리사거리,2
서정동고가삼거리,1
물푸레마을7.8.9단지,3
범박동주민센터,3
역동,2
상안1리,4
삼정사거리입구,2
가림중학교,1
아미원입구,2
양지마을입구,4
수레실전원교회.오포롯데캐슬,2
광교대광로제비앙,7
e편한세상,3
복정파출소,12
프라자아파트.안양예고입구,1
도창,4
초당초등학교.현진에버빌,6
일죽터미널,1
진영아파트,5
KCC대리점,3
서울자동차경매장,2
안양해솔학교,3
광교호수공원.제1주차장,4
본오동차고지(경유),6
대자삼거리,1
남양뉴타운4단지,2
우편집중국,1
성남시내버스차고지,10
쉼터공원입구,10
남양보건소,4
장짐삼거리,2
도립도서관,1
서근리,6
금산사입구,4
남촌오거리,6
능곡중학교,2
브라운스톤아파트,1
충훈1교,1
산돌교회,1
석천초등학교,2
석천1리포도원,2
광명21세기병원,1
고창마을.KCC,1
아남전자,2
동서울대학교,1
장미마을.동부코오롱아파트,2
위시티입구,1
대영가든,6
하갈1동입구,13
오포읍사무소,2
두정3리,1
은행아파트,2
낙생초등학교.판교원마을10단지,2
오산성당,4
가리대사거리.소하상업지구,4
동국대한방병원.신성아파트.수내고교,6
장안8리,1
서림아파트,3
선부동주공10단지,1
위례아트리버푸르지오,3
부곡초등학교,1
구름산.광명시보건소,1
그린빌17단지,9
원종하이트,2
독정리,1
광명역B주차장,2
제약공단사원아파트앞,2
구장리새터말입구,2
일산가구공단,1
수진동현대아파트,1
동양쇼핑.원당시장후문,1
8단지덕유아파트,7
갈뫼중학교.내손1동주민센터,3
TS1.2차아파트,1
서정마을(중),2
삼동역,8
서탄입구,4
동광아파트,2
추팔공단.입구,1
광명시청.광명시민회관,5
세평지하차도(경유),2
진등,2
고등동,1
인정아파트앞,6
능곡중학교,1
상대원고개,8
능실마을16단지,4
남양주세무서입구.금호아파트,1
수원여대혜란캠퍼스,8
서울프라자,2
본오중학교앞,5
금강1단지,2
덕정아파트5단지.예스병원,1
가리대사거리.소하상업지구,4
태평3동행정복지센터.태평초교,7
수안재,8
본오중학교,4
정보과학도서관,4
뷰윅스,15
자연앤센트럴자이,3
한국제지,8
시립팽성도서관.팽성국제교류센터,2
누읍주공아파트,5
우성아파트,1
춘의역5번출구,2
동백역.성산마을서해그랑블,5
산내마을6.8단지,3
천마산역3번출구,1
느티울공원입구,1
별가람고등학교.대원칸타빌,1
곡정고.수원아이파크시티7단지아파트,12
꽃마을,2
삼막동입구,2
인덕원IT밸리,7
공단본부.샤니,2
효성아파트2단지앞,2
성포주공3단지,4
명칭예정지,1
용소3리,1
서울프라자,1
불현리,1
양영디지털고등학교,2
언창공단,1
송산1동주민센터,1
모곡동,4
대원아파트,2
명문새가앞,2
덕정역,1
곤지암터미널,3
곤지암LG아파트,1
그린빌18단지앞,1
목현2통.GS주유소,9
수정구청.신흥주공아파트정문,6
원정초교,2
상대원파출소.소방소,22
선동초교앞,1
곤지암역,1
산들초등학교,1
가내,4
문형리잣나무골,2
고려당사거리,1
미사강변2차푸르지오.7단지,3
동산고등학교,2
한국선진학교건너편,7
용주골삼거리.연풍삼거리,1
석수도서관,7
인덕원역4호선.인덕원성당,4
구포3리,8
군포공영차고지입구,5
하안1동주민센터.이편한세상센트레빌,4
진사리입구,2
금촌역,1
고잔1차푸르지오,2
삼평교,2
밀목사거리(경유),2
궁내동,2
가재4리,1
강선마을(중),2
동명빌라,1
목감중심상업지구,1
숲속길마을7단지,2
토평정수장,1
축협원미지점,5
주엽역(중),5
갈매중앙사거리.단독2단지앞,2
동심8차빌라,1
정천초등학교.천천푸르지오,7
이충주공3단지.반지마을아파트,1
원평동주민센터.평택초교,6
꿈마을단지,6
생명과학대,3
석수역,3
서울구치소,3
정곡경로당건너편,1
에벤에셀.이마트물류센타,3
왕림윗마을,3
고강동우체국,1
월드아파트앞,8
자유시장,1
유현마을.신동아아파트,3
LG원앙.한성아파트,1
무궁화효성한양아파트,13
거멀,2
사기막골,12
청원놀이터,2
다농사거리,3
숲속마을3.5단지,1
우림아파트,6
동남레이크빌,1
만자고개,1
청도아파트,5
군포경찰서,3
산업기술대학,1
도사마을.우림필유.현대그린아파트,3
둔전농협앞,2
아이파크7단지,9
상대원시장,6
축협앞.국민은행,1
가장산업단지,4
송탄출장소,4
갈천마을.주공아파트,1
송탄고등학교,4
백석동.요진와이시티(중),3
소사초교앞사거리,2
시흥푸르지오6차,4
한진1차.문산역,2
반석아파트,1
GS자이5단지,1
인덕원초교.삼성아파트,5
매화리,2
삼성한신아파트,4
성공회앞,2
화성시보건소앞,2
이케아광명점,3
지문리입구,2
승영사입구,1
본정삼거리,2
무송교차로,4
부흥고교,4
한국전기연구원,2
군자주공6단지후문,2
올림픽기념관건너편,3
내리사거리,2
수기리,1
삼릉역,2
현대정형외과,2
신동아1단지.한일아파트,2
서해아파트건너편,4
도촌5단지.도촌종합사회복지관,1
미사강변푸르지오.19단지,2
행정복지센터.새마을금고,1
구리여중고교,1
성안고,4
덕소삼거리.주공아파트.우리은행,3
일신건영.파라다이스아파트,1
이노밸리A동.오콘,6
한라비발디1차,9
한라비발디1차,1
가골입구앞,9
경안중.ICT폴리텍대학.e편한세상,1
동보아파트,1
장지리,1
평택공설운동장,1
이마트,1
홈플러스,1
늘푸른벽산.서강2차,1
군포첨단산업단지,3
성결대학,3
삼인동입구,3
삼화왕관,1
고등동주민센터,1
왕곡초등학교,3
수도침례신학대학,1
시흥우체국.센트럴병원,1
의왕고등학교,8
안산테콤단지입구,2
남양주제2청사.남양주경찰서,1
영신마을,2
당동지하차도.G샘병원,1
트레지움1단지.다니엘병원,1
돈말입구,2
멱조현풍림아파트,1
일동굴다리앞,4
동화중학교,2
정촌마을,1
시흥푸르지오6차,2
위례롯데캐슬.그린파크푸르지오,2
창곡3리,5
미사강변파밀리에.14단지.구산성지,4
현대모닝사이드2차아파트,2
탄도,1
지방산업단지,1
한국아파트,2
효자고개.용인정신병원,5
안산문화예술의전당,1
단원자동차운전전문학원,1
이편한세상아파트,3
수원여대혜란캠퍼스,3
성남시청,1
산본공업고등학교,1
화산1리입구,1
한신아파트.KCC스위첸아파트,5
신안산대학교,5
신장사거리.신장시장,1
주공아파트,2
지엔지,1
동서울공업사.시안정문,2
이마트앞,1
양성터미널,3
한호빌라,4
방아리.중복동,1
철산현대아파트,1
이천시청.이천세무서,1
미사강변9단지.미사강변중학교,1
양감초중교,1
가장슈퍼,3
현대연립,2
복창육교,3
포곡중학교,1
유림동주민센터,2
광명샤인빌.현암고등학교,12
쓰레기매립장.로얄냉장,4
금호타운,2
상동역2번출구.홈플러스상동점,4
대동청구아파트.장현초교,2
시흥등기소,1
광교산입구.경기대학교,6
덕절2리,6
문촌마을6.7단지.쌍용아파트.기산아파트,1
용문축협,1
월드메르디앙,5
덕절3리,3
검배사거리,1
오좌동,6
태평제일교회,1
한화생명입구,1
신봉중고등학교.신봉동일하이빌4단지,1
비츠로테크반대편,1
한국폴리텍대학,4
국립축산과학원,4
좌전고개,2
호수초교,1
호수초교,1
국제상사,2
북양2리,2
매화마을4단지,3
한증막,2
LH남양주사업단,2
가평역삼거리(경유),1
위례자이,1
글로비스자동차경매장,1
대교주유소,1
백현초등학교,2
복사골마을,2
한국디지털미디어고등학교,1
위례동주민센터,10
오산대역,5
석정아파트,1
안성푸르지오아파트,1
꿈동산.사랑마을,3
세마승마장입구,6
신봉센트레빌5단지,2
고양동시장,1
사색의광장,2
무너머고개,3
코리아써키트2공장,1
코리아써키트2공장맞은편,3
대륜발전소,1
중앙하이츠아파트,1
코오롱하늘채아파트앞,2
코오롱하늘채아파트,3
역동사거리,3
전원가든입구,2
대소마을,1
신흥산업,1
나곡마을.한국민속촌,3
금성백조아파트.구미도서관,7
세경,1
휴먼시아4단지,2
좌전앞,2
수진리고개.태평고개,5
동산교회,4
고색삼거리,2
포동입구,1
한국화장품연수원,1
금곡역.어룡마을입구.주유소,1
제일캐노피맞은편,6
미사강변대원칸타빌.4단지,3
마도산업단지,5
둔전역.인정멜로디아파트,4
금곡동구종점,1
중4동행정복지센터.고용노동지청,4
남산공단입구,8
동의당약국사거리,1
원곡고등학교,1
당동우체국,3
옥길동입구,1
모아미래도.자연앤,7
봉무3리,2
수자인.호반아파트,1
의정부시외버스터미널,2
중앙도서관,2
반월변전소,2
갤러리하우스건너편,7
단국대.평화의광장,7
월문리,2
비석거리,1
호계소방파출소,6
안덕우리,5
화정역.덕양구청,3
수목원,5
중앙초교앞,4
한울마을2단지,3
팔곡주유소건너편,5
락원식당앞,2
이천터미널,1
평택상공회의소,4
부림초등학교,1
모락고등학교,1
구장사거리앞,1
전원마을1단지,1
도곡4리,2
화성보건소,5
상대원파출소.소방소,2
산본1동주민센터,7
태전힐스테이트5지구.태전고등학교,3
시청서문,1
월드마트,2
삼박곡,5
목감동,3
경기글로벌통상고,3
수원산업단지육교앞,7
아름다운나날,2
남문터널,4
아이테코앞,2
대덕GDS,1
큰손식당,4
담안,1
선부동차고지,1
동편프라자.스마트프라자,2
부곡초등학교,1
대우.롯데아파트상가,5
농림축산검역본부,4
주공2단지충무아파트,2
광덕중학교건너편,2
파인힐.근로자복지회관,1
왕산4리,3
서현고등학교,9
도금단지,1
조리미입구,1
사능입구.금곡우체국.남양주고용복지플러스센터,1
사능입구.금곡우체국.남양주고용복지플러스센터,1
LG빌리지1차,6
아이파크7단지,6
신천사거리,2
재원아파트,1
경수초등학교앞,1
구문천3리,2
분당등기소,2
보네르빌리지아파트,1
한화오벨리스크,2
죽전교차로,2
이투스학원,1
벽산대주아파트,2
휴먼시아4단지후문,3
세종그랑시아.한성1차아파트,4
정자동주민센터,2
판교역북편,4
수원광교박물관,3
역말마을,1
사원주택앞,3
진모루현대아파트,1
퇴계원고등학교.금호아파트.뱅이마루터,1
은행초등학교,3
현대아파트,1
무송교차로,3
평촌고등학교,1
창뜰.장군수산,5
조흥전기앞,3
송산농협.사강정형외과,2
매화동,1
경기종합가구유통,2
한신아파트,1
가좌리.석실,1
신한중고등학교,1
가좌양우대우아파트,1
성저마을14단지,1
백제당약국,1
한일타운,3
오성산업단지입구,1
상동마을회관,2
연평리입구.중포마을,1
오남읍사무소.농협.현대.삼신아파트입구,1
삼화정공,2
화당리,1
대추골,2
정든마을.우성아파트,2
대안주유소,1
한양아파트정문,3
위례동행정복지센터,4
판교동주민센터,6
농심,5
음양1리,2
오좌동,4
초원빌라,1
군포초등학교,1
서해아파트,4
만안구청,8
수정마을.휴먼시아,2
와동체육공원,1
가리대.소하3단지.소하상업지구,2
서탄면사무소,4
포일자이아파트사거리,3
보바스병원,3
부천역남부,1
근로자종합복지관,4
고천체육공원,1
경안동주민센터.우체국앞,4
시티병원,4
매화마을2단지,6
어정역.어정초교.동백아이파크,2
명성빌라,2
장지마을앞,6
강서고등학교,2
장미마을,2
성포주공10단지,1
판교TG(경유),1
하산마을,1
고은유치원,1
궁내동.궁안마을,2
청요리,6
동아아파트,2
팰리스카운티정문,1
산정동,6
하남BRT환승센터,2
이익선생묘,1
승희맨션,3
원미1동행정복지센터.원미어울마당,1
풍림아파트상가,1
솔대체육공원,3
군포산업진흥원,4
신흥시장,1
팔당역,1
왕곡동마을회관,4
광명경찰서,4
이충주공3단지.반지마을아파트,1
강서고등학교,3
새보미아파트.고강시장,2
다정한마을.레미안아파트,2
금정가구거리,2
성안중학교,1
태평아파트,4
신명아파트.대우3차아파트,3
에이스프라자,1
흰돌아파트,1
모란고개,9
용소3리입구,1
경신아파트,1
호수마을.자연앤데시앙,1
주공3단지.덕소역,1
창업보육센터,3
유승앙브와즈,1
현대2차,1
의왕통합관제센터,3
한양아파트,3
성호중학교,1
그린빌16단지,3
송산사지.송민학교입구,1
현대합성공업,2
신중동역4번출구.롯데백화점.홈플러스중동지점,1
판교동주민센터,3
네이쳐하임.퍼스트리움,4
고려병원,2
용인터미널(경유),2
중앙주공5단지,4
세아,2
아남중전기,2
내동고개,1
농수산물시장.포일단지입구,3
GS자이3.4단지,1
시범상가,4
구리.한양아파트,2
장평교,2
오산사회복지관.보건소,3
송학1리다리앞,1
영복여고,1
신천삼거리,2
공군아파트,1
월피한양아파트후문,2
전원가든,1
고양경찰서(중),6
온천마을(중),1
양감초등학교.중학교,1
야탑동경남아너스빌,6
중외제약사거리,3
쌍용자동차후문,1
법원검찰청입구,3
별가람마을.단독3블록,1
두리봉마을,1
화성오산교육청,3
성공회앞,1
롯데칠성음료,3
신창아파트.광릉중학교,2
신창아파트.광릉중학교,2
수목원,3
평택기계공고사거리,1
아일기계,3
과학도서관,1
문형2리.영진빌라,1
춘의역6번출구,4
경일관광경영고등학교,1
소하3단지,2
석탄4리,1
노동행정연수원.봉골입구.우림퓨전빌아파트,2
시온고등학교,3
안산드림타운,1
가톨릭대학교,1
주공7단지.중흥s클래스,1
한양슈퍼,1
신안아파트,1
배곧고등학교,3
화정역.롯데마트,1
sk아파트.굿모닝병원,4
스타전자,3
갈곡리부대,1
주공5단지,1
송문3리,2
은하수청구아파트,1
진영고등학교,1
구문천리,1
계룡1차아파트,3
철산우성아파트,1
하이파크시티2.3단지,1
용정사거리.진건우체국,3
옥현,4
반달마을.법원.검찰청,4
대광빌리지,10
청광아파트,4
견산1리,1
스마일슈퍼앞,2
베네스타아파트,2
도평리.남촌풀장.우림.신일.대주아파트입구,3
중림.비석거리,1
광주차고지,2
양벌3리마을회관,7
씨트리제약회사.현충탑,1
쉼터공원입구,5
구성지구입구,1
외국인복지센터,1
농수산물센터,4
동부아파트,3
비전파출소,2
생문약국,2
귀래산업단지,2
향남주공2단지,5
대교주유소,1
장안건영아파트.양영디지털고,1
도심역,1
금복리,1
계양2리,2
주곡1리마을회관,2
민속마을,1
태재고개,5
민속마을.선경아파트,3
대림아파트,12
살고지입구,4
쌍용아파트,4
중앙대생활관.기숙사,1
위례래미안e편한세상.위례한빛중학교,5
송내e편한세상.부천고,2
기흥IC,3
매화마을3단지,2
새마을연수원(경유),2
하원초등학교.신구대학,1
푸르지오6.7차아파트,13
동안교,7
푸르지오5차,2
능곡고등학교,2
은평교회,3
원삼,3
시립수청어린이집,1
죽백동차고지,1
대양1리.포도원,1
흙가마앞,1
도농역.동화중고교.부영A(중),2
백운사입구,3
정자동성당,1
동원.SK아파트,1
운중고등학교,3
큰갓띠,4
반월공원입구,5
유천아파트,2
문산역,1
두정1리,1
청계동주민센터,1
천리국민주택,1
퍼스트리움.네이쳐하임,1
오정동경인OBS방송국,2
대덕전자,3
신현3리,1
한국와이퍼,1
진로아파트,1
고척3리입구,1
신둔도예촌역,2
광평리,4
미도아파트,1
대림.LG.힐스테이트아파트(중),6
인지슈퍼,1
동원베네스트아파트입구,1
뉴광주농협주유소,3
일진정공,1
융건릉,11
상안1.2리,1
도투락입구,1
도금단지,1
우리은행.덕계고등학교,1
제일공단입구,4
동편마을2단지,1
금호빌라,1
감골운동장,3
태광전자,1
가라뫼,1
나래울,5
당동주공아파트,2
도당소공원,1
어정삼거리.강남마을,2
산본래미안아파트,2
유승아파트,1
산본시장,6
경희대차고지,1
와동체육공원사거리,1
부곡1단지아파트,5
용상골현대아파트,1
포스코빌라,2
청솔빌라,3
무궁화선경아파트,1
성남소방서,3
하안주공505동,3
이매촌금강아파트.코오롱아파트.동부아파트,5
한국생산기술연구원,3
세마승마장입구,2
해실리,1
성지아파트.산성교회입구,1
황송마을아파트,1
구름산.광명시보건소,2
역리주유소,2
상도중학교,1
여주경찰서,1
화평1리,1
금곡1리,3
월곶동주민센터.월곶포구,2
농수산물센터,3
명지대앞(경유),3
양지전원마을,1
보성아파트,1
안장골입구,1
김포대학교,1
김포대학교,1
801관외국어문화관앞,3
위례호반베르디움,7
청솔한라아파트.롯데마트,1
의왕국민체육센터,1
양노리,8
송탄동주민센터,1
신원수선화아파트,1
롯데에코입구,1
초당초등학교,2
검바위초등학교,2
시흥영업소,3
휴먼시아1단지,1
장계리,1
원흥역1번출구.방송통신대,1
화수사거리,2
금이사거리,1
55사단앞.삼성쉐르빌아파트,3
푸르지오1차아파트,2
옥도골,1
안산대학교입구,1
양노리,1
하나은행,2
연꽃마을금호아파트,1
시외버스정류장,1
마석역,2
대원아파트,2
처인구청후문,1
삼익사이버아파트,2
푸르지오.반도유보라앞,6
묵방리,1
푸르지오6차후문,1
목감중심상업지구,2
대열보일러,1
태양금속,6
KT과천지사,6
LG아파트.무지개마을사거리.신한아파트,1
성우스타우스,2
대림아파트4단지,2
내유동,2
상원여중,1
보라신창아파트,2
양감농협,1
죽전1동주민센터.홈타운입구,4
성주초교.부천공고,1
남곡사거리.남곡초교,1
오건아파트,1
그린빌10단지,1
송내역B,1
부곡복지회관,2
돈말입구,1
괴안동입구.성심고가,1
삼성.세림아파트,1
안양여중고,1
포곡고등학교,2
부곡중학교,1
성곡동행정복지센터.홈플러스여월점,6
장안중학교,2
초당중학교.코아루아파트,2
권선구청,6
신우아파트,1
송내초등학교,1
신촌마을,1
기후변화체험교육센터.삼삼부락,3
국군수도병원,3
영화공원,5
자동차매매센터,4
대철철강,1
덕이동로데오거리,2
가구단지,1
크로바앞,3
중앙공원,4
군포중학교,11
퇴계원극동아파트.세란병원.온누리병원,1
멱조현풍림아파트,2
효성아파트입구,4
우미이노스빌아파트,2
물푸레마을4.6단지,3
부대앞,1
토진교회.앞,1
자란로타리,1
수협앞.소사초등학교후문,2
리벤티움.신안인스빌,1
기흥IC입구,2
천리농협.샘골마을,2
본원초등학교,4
수자원입구,1
서랑동,7
기아대교,2
주북6리,2
라촌,1
죽산시외버스터미널,1
비석거리입구,1
동안고등학교후문,2
상동역8번출구.세이브존,1
석실입구,1
별내하우스토리.중말사거리,1
광산촌,4
부천역남부광장,1
일신삼익아파트,1
영릉입구,1
선부고등학교,1
금파리,1
안산대학교,2
상안2리.SK주유소,1
잿말,2
삼존리,2
명문고등학교,1
북리(경유),1
대진아파트,1
선부3동주민센터입구,1
한양마트,1
도래울마을5.6단지,2
강남cc,2
석수3동주민센터입구,3
LG빌리지5차,1
석수현대아파트,1
강남아파트.여주고등학교,1
황계동(경유),3
성포동현대아파트,2
오케이산업,1
산본1동입구,2
상신리,1
신리초교,5
태평2동행정복지센터,3
철산우성아파트,1
한양대,1
대부중고등학교,1
사동행정복지센터,3
신장육교,3
홍유릉.남양주고용복지플러스센터,1
송정교.경화여고,1
한강유역환경청.미사고등학교,1
관고동,1
양도사거리,1
운평2리,1
석포삼거리,1
장애인종합복지관,1
분당구청입구.수내교,8
팜스프링아파트,1
교문사거리.인창초교,2
성안중학교,1
영화2차,1
동의당약국사거리,1
덕현농협.양주2동주민센터,1
용인터미널,1
운학동,2
경남아너스빌,1
안중주공2단지,2
한국폴리텍대학,1
성동초교,3
상록구청.상록수보건소,1
가구단지입구,3
하얀마을.백송마을,3
장기상가,2
밀알교회.구리사회복지관,1
숙곡리천불사,1
계남고교,2
영화아파트.삼성한신아파트,5
불도.정문규미술관,1
지제마을입구,1
동백동주민센터,2
대우푸르지오,1
청담고등학교,1
상신6리,2
터미널신둔홈,1
이매촌삼성아파트,3
평택항.국제여객터미널,2
수촌,1
국민은행,2
동백우체국,1
이치2리,1
서해중학교.한일아파트,1
운정광역보건지소(중),1
외국어대학교기숙사,1
성일고.힐스테이트아파트,3
삼익아파트,1
효성고등학교,2
쌍용하이츠빌라앞,1
육일리마을회관,2
동수원TG(경유),7
N마트앞,1
내손순환길삼거리,2
자재이골입구,3
큰농고지,1
안중구터미널,1
미래타운,1
광주중앙고등학교,2
외대도서관앞,1
경안중.ICT폴리텍대학,5
옥정마을16단지,1
문형삼거리,3
뫼루니육교,7
우림아파트,1
중앙저수지.성광주유소,1
이익선생묘입구,1
공군아파트,1
미리내마을,2
장촌,1
삼성반도체후문,1
괴안사거리.괴안우체국,1
한양대입구,6
중앙병원입구.송내자이아파트,1
경기테크노파크,1
중앙공원.샛별마을.라이프아파트,4
시흥시청삼거리,2
선부초등학교,1
대림한숲아파트,1
안현동,1
과천중학교.과천1단지,1
법화터널입구,5
하늘소망교회정류장,1
병목안삼거리,1
힐스테이트,1
금강아파트,1
자원재생공사,2
초부리,1
반정동(경유),2
팽성초교입구,1
선창산업,1
광명국민체육센터,1
금강cc앞시내,1
시흥등기소,1
장안타운입구.한신빌라,2
둥지박물관,3
동환아파트,2
목현동회관.쉼터,1
용소.직사.칠곡저수지,1
백현육교,1
남곡리,1
고잔주공7단지,1
가구단지입구,1
e편한세상평택용이.평택남산교회앞,1
소사역,1
부천시청역4번출구.현대백화점.경기예고,1
성안고사거리,1
노진리종점,4
조암리(경유),4
광명우체국,1
대궐터.내각리,2
시장앞,1
탄벌1리마을회관,2
복정동주민센터,3
도덕파크타운,1
의정부교도소,1
대화아파트,1
오이도종합어시장,2
개경촌,1
아름마을.이매고교.효성선경아파트.하나은행,5
서신,1
럭키아파트,2
일산국제컨벤션고교,1
안양3동주민센터,2
송산중학교,1
성포주공11단지,1
안곡중고교,2
조암한라비발디,2
의정부고등학교.법원.검찰청,2
세종아파트,1
화성서부경찰서,1
본오1동주민센터,1
공작마을럭키아파트,2
목동야목농원,2
광명시민체육관,1
고골입구,1
삼익아파트,1
청요사거리,1
산들마을4단지,1
충훈부차고지(경유),1
돌모루슈퍼,2
올림픽기념관,1
여울길,2
걸포사거리.김포우리병원,1
월미동,1
농수산물도매시장,2
브리즈힐.센트리뷰,2
서현역.AK프라자,2
화성시보건소앞,2
인덕원역4호선,1
명문가든,3
신일아파트앞,1
K55정문,1
백암리,1
망포고등학교,1
평택여고,1
위례롯데캐슬.호반베르디움,1
소쌍.동광.e편안세상,1
여천종합철강,2
위례자이아파트,2
성도아파트,1
동백고.호수마을서해그랑블.풍림코아루,1
찬우물,2
사창1리,2
유승아파트,1
와동체육공원사거리,1
에스케이하이닉스,3
소림사,1
법원.검찰청.복사골문화센터.반달마을,1
부천테크노파크1단지100동앞,1
구래환승센터,1
광명초등학교,1
뱅골,2
덕풍현대아파트,1
수면리,4
이충부영아파트,3
군하리.한우마을,1
망월리.전경부대,1
현대2차.선경아파트,3
(구)안성터미널,3
소방서.군서고.여성비전센터,1
라일락마을어린이공원,1
양지마을,1
장암주공2.5단지,1
효성고등학교,4
삼정종합사회복지관,1
유림동.방축,2
공단오거리.공단주유소,1
필봉산등산로,1
성남시환경에너지시설,1
상록골프장,1
홍유릉.금곡동주민센터.남양주고용복지플러스센터,1
송우초교,1
광명성애병원,2
해창1리.우리꽃식물원,1
55사단앞.삼성쉐르빌아파트,1
배곧sk뷰.호반베르디움1차,2
여월휴먼시아4.5단지,1
LG아파트,2
보건소.만안구청,1
식물원건너편,1
대주피오레1단지,3
주식회사경방,1
용수리,6
신도브래뉴아파트,1
밤골.부천산울림청소년수련관,1
별내동주민센터입구.우미린아파트,2
백마역,2
시립수청어린이집,1
시청.용인대역,3
상공회의소,1
송포초교,2
미사강변푸르지오.19단지,2
양문교회,1
시화병원,1
남전2리종점,1
성안고,1
숲속마을입구,2
부항1리,1
평옥,1
광명동굴,1
경기도립과천도서관,2
갈담리,1
위례부영사랑으로후문.위례푸른초등학교,1
대우푸르지오.예당고등학교,4
남태령부대,1
우림아파트,1
충훈2교,4
양주경찰서.이마트,1
정승마을앞,2
단국대.종합실험동,1
토진3리,1
유현마을.신동아아파트,3
푸르지오9단지,1
인정프린스.흥국생명연수원,2
광교중학교.대림e편한세상,2
야탑동경남아너스빌,1
남동구미마을,1
중앙동행정복지센터,1
강남시장,1
경성아파트,2
덕소현대아파트,1
현촌초교앞,2
양지전원마을,2
광성기업,1
하마산,1
삼괴중고교,1
한솔마트,2
안산고등학교,1
평택기계공고사거리,1
미사강변신안인스빌.청아초등학교,1
송정동주민센터.탄벌초교,2
안양컨트리클럽,2
밀목.광주시청앞,3
길성리,2
연수원사거리.라성호텔,1
양벌초교.양벌2리.우림아파트.쌍용2차.대주1차,1
라이프아파트,2
부천역북부,2
행신역,2
도궁초교,1
중앙도서관,2
조원고등학교,6
한양아파트후문,2
고지리,1
시흥동주민센터,1
한맥중공업,2
의류타운사거리,1
성포중학교,1
광교이마트,1
골드프라자,1
도평대주피오래,1
팔당수질개선본부,1
해모로이연아파트,2
보평상부주택,2
영문리,1
자경마을.석수스마트타운,1
궁2.3리입구,1
하대원시장,1
안산문화숲의광장,1
부산동슈퍼,1
테크노파크.아파트동,1
당곡고개,1
군서중학교,3
푸른마을.두산위브,4
상2동행정복지센터,1
논곡동,1
한보라마을7.8단지,5
삼계1리,1
신중동역6번출구.중흥중학교,2
약대오거리,1
삼육대후문.논골.한화아파트,1
중앙시장,1
구군포교,3
중동행정복지센터.시민회관,1
갈매더샵아파트.갈매6단지,1
탄벌동입구,2
안양8동,1
신현3리,1
멱우1리,2
대장공영차고지,1
남정빌라,1
중앙동주민센터,1
도당사거리.북중학교,1
한양대게스트하우스,1
백석초등학교,1
만수철강,2
태평오거리,2
구문천1리진입로,1
천산교회앞,1
신기초등학교,2
만선삼거리,2
석포산업단지,1
고대병원앞,1
경원여객종점,1
비전중학교,1
장등리,1
초당역,1
강씨봉휴양림,2
석운전원마을,1
쌍용.삼익1차아파트,1
벚꽃마을,2
금성백조.영천유,5
고합아파트,3
경기도청북부청사,1
호매실도서관,1
축협원미지점,3
시미곡,2
농협하나로클럽,1
초지두산위브아파트,1
요꼴,2
새터공원,1
지산현대아파트.서울제일병원,2
천천푸르지오상가,2
기계유통단지,1
오포도서관.오포농협,1
송내사회체육관.부천고.부천공고,2
대화페인트앞,1
왕산초등학교,1
오금초등학교,1
대진빌라,1
대명단지,2
청구빌라앞,3
주유소앞.이마트트레이더스,2
남양육리.남양1동,1
스타필드하남,1
수촌,1
메디칼약국,2
청구아파트,2
주공5단지,3
성호시장,1
삼평중학교,2
부천정보산업고,1
어천,4
소방서,1
현대아파트,1
목림삼거리,1
분당동주민센터,1
이동,2
과천초등학교.과천11단지,1
성곡중학교.장애인복지회관,1
쌍용아파트,2
용인대,1
신봉센트레빌5단지,1
단국대학교.죽전야외음악당.성현마을2단지,1
덕풍시장(중),2
사창초등학교,1
중소기업은행,1
신영지웰아파트,1
당동지하차도,1
물왕삼거리,1
르노삼성자동차중앙연구소,1
화접초등학교.별내고등학교,1
오현초등학교,1
한우리아파트,1
야당역.한빛마을5.9단지,1
초당주공3단지후문,1
현대빌라,1
원곡면사무소,1
신일아파트입구,1
해모로아파트.의왕초등학교,5
공도중학교,2
필립스,1
산본래미안아파트,2
단국대.인문관,1
환승센터출입1(경유),2
청북중학교,1
삼동우남아파트,5
뒷말,1
신왕2리.독줄입구,2
석포6리입구,1
태봉.경기약국,1
송내주공5단지,1
솔매마을,1
검복리.남벽수입구,1
주평,1
KT북부천지사.365안전교육장,1
도자박물관.친환경농산물유통센터,1
노진3리,1
한화리조트,2
백토1리,2
기아생활관,1
설봉산입구,2
농성.자동차정비소,1
광명종합터미널,1
석포2리,1
대원중.금광중,1
내리사거리,1
푸른마을동익아파트,1
평택교육지원청,1
한승미르빌아파트,1
일동공원,1
로컬푸드건너편,2
대원칸타빌.모아미래도.유승한내들이든힐즈,1
탄벌부대앞,1
삼보상록마을아파트,1
서현문화의집,1
노마즈하우스.우리은행,1
삼육고교.구리소방서,2
부천우편집중국.부천실업고,2
동국대사범부속영석고등학교,1
고잔역앞,1
정남초등학교,1
이젠,1
정문2리,1
전원마을3단지,1
회덕동벽산아파트,1
명학초교,2
탄현효성주은아파트,1
석수체육공원.자동차학원,2
오산성당,1
향남모아8단지,1
서일대사회교육원.양지리마을회관,1
안산시장애인재활작업장,1
율포마을,1
나누리공원,1
신원마을2.4단지,1
삼립식품,1
현대파크아파트.양우아파트,1
마산초교,2
비전롯데캐슬아파트.비전초교,1
남수원초등학교,2
신일기업,1
우림아파트앞,2
대주2차아파트,2
JLP주유소,1
남양뉴타운1단지,1
기흥농협,3
군포첨단산업단지,2
독정1리,2
북가현,1
칠리저수지,1
광명공업고등학교,2
황산사거리,1
옥길3리,2
신기초등학교후문,1
온정마을,1
풍년마을.김포고(직행),1
제기리.양지말,1
샛별한양아파트,1
철산초등학교,1
도담마을아이파크.죽전휴먼빌,1
신장시장.GS마트,1
대우푸르지오.현대아이파크아파트.오남도서관,1
예비군훈련장,1
궁안마을,3
궁안마을입구,3
중앙주공5단지,1
장승초교.신우.현대.금강아파트,1
장승마을,1
소망빌딩건너편,1
칠괴우림아파트입구,1
극락정사,2
율동공원,1
연꽃마을4단지,1
초당초등학교입구,2
덕소현대아파트,1
스파팰리스리가아파트,2
복지회관,1
효명중고등학교,1
황고개약수터,1
음양1리,1
유통상가,1
5단지517동앞,1
사송동선사교회,1
경기도립과천도서관,1
광명농협,1
신동아아파트,1
수주초등학교,1
군포성당,1
부천남중학교,1
KT부천지사사거리,1
한국교통대학교,3
내리,1
현대맨션,1
동성1차아파트.죽전패션타운,2
참솔마을.월드메르디앙,2
북배산.작은멱골,1
독산마을,1
축협매장,1
삼성아파트,1
덕천초등학교,1
이케아.롯데아울렛고양점,1
부천시청역3번출구.경기예고.현대백화점,2
광주시자원봉사센터입구.서울보증보험,1
중산마을입구.쌍용아파트.실로암병원,1
한양대기숙사앞,4
초부리,1
신도브래뉴아파트,1
오산성당.청학동,1
동막골건너편,1
방주교회,1
안산공원(중),1
소사역.부천성모병원입구,1
새암공원,1
고촌,1
독점마을,2
우성.쌍용스윗닷홈아파트,1
장내중.평내고.남양주소방서,1
본원초등학교맞은편,1
대성산소사거리.터미널.영풍,1
현암마을,3
철산4단지,2
오리서원.충현중학교.광휘고등학교,1
성남시운중도서관,1
농수산물도매시장,1
점섬체육관,2
신성아파트.명지대승차장,3
능곡초교,1
대웅주유소,1
건영2단지,1
배곧고등학교,2
여주종합터미널,2
보산역.보산초등학교입구,1
봉암터미널.봉암리,1
방주교회,1
국제석유,2
미사강변2차푸르지오.미사강변고등학교,1
나염단지입구,1
번천삼거리,1
번천삼거리,1
신안인스빌,1
칠괴우림아파트입구,1
농협신흥지점,1
신촌마을아파트2단지,1
대림아파트,1
청송2.3단지,1
무수막,1
이마트입구,1
늘푸른벽산.서강2차,1
화정동단독주택단지,1
송탄문예회관,1
매화리,2
상두리입구,2
석수아이파크,2
시화중심상가48블럭,1
역곡2동주민센터입구,3
유사1리마을회관,1
율곡,1
광남중학교.청수년수련관,1
두산인프라코어맞은편,1
부성철강,1
동진마을,2
호원동.한주3.4차아파트,1
가운휴먼시아4.5단지,1
은실,1
정명고.경기경영고,1
그린빌라.롤링힐스,1
현진아파트,1
백현고등학교.한라비발디아파트,2
쌍용예가아파트,1
정남중학교,1
경복대,1
반월역,2
늘푸른노인복지관,1
초당초등학교,1
시민회관,2
동원아파트,1
㈜동진쎄미켐,1
마을회관,1
안양대교,2
노루실,1
시민체육광장,1
송전터미널,4
석호초등학교,2
능곡병원,1
코포모,1
마루교차로,1
금이사거리,1
황구,1
원평2리입구,1
서면초.안서중.광명경영회계고,1
기아대교,1
송전초교.송전바이오고교입구,1
U-정보센터,1
배곧호반2차,1
광교한양수자인.호반가든하임,1
우체국,1
귀인동주민센터,1
파발교,1
자동차검사소.산성아파트,1
이화리종점,1
부개역.상동차고지,1
위브더스테이트5단지,2
서현1동주민센터,1
남문매표소앞,1
충훈고교,1
본오동종점,3
북2리,1
서울자동차경매장,1
화산2리,1
구룡터,1
청원4리.막상공원,1
신복2리복동마을,1
중앙도서관,1
태평아파트,2
우림아파트,1
도장,1
뉴고려병원,2
화수1리,1
퇴계원초등학교,1
동방학교,1
광명사거리역.한진아파트,1
부천테크노파크2단지200동앞,1
목련마을한신.맹산생태학습원,1
광교카페거리입구,1
물왕삼거리,1
광명북중고등학교,3
옥길약수터,1
금강아파트,1
신길온천역,1
원곡입구삼거리,1
베르네천,1
해태쇼핑.중산사거리,1
대웅경영개발원,1
철산래미안자이아파트,1
성사고등학교,1
중동시장앞.넘말,1
정자동,1
하이파크시티2.3단지,1
한국보훈복지공단앞,2
상갈파출소,1
용동중학교,1
사우고.김포시청,2
탄현큰마을,1
용이동차고지,1
시흥영업소,1
구미동차고지,1
도평리.남촌풀장.우림.신일.대주아파트입구,1
부천시자원순환센터,1
덕이동로데오거리,1
흥선동행정복지센터,1
신일아파트,1
합정동주공3단지후문앞,1
목감지하차도입구,1
보보스타운,1
표교2리롯데아울렛입구,1
장외리.지긋말,1
종근당바이오,1
신일초교.백제당약국,1
양지농협,1
사곳입구,1
제이엔피,1
무지내동중동마을,1
조암삼거리(경유),1
정심여자정보산업고등학교,2
중앙그린빌아파트,1
옹정리입구,1
신봉센트레빌1단지,1
고잔3차푸르지오,2
쌍용3차.부천테크노파크,2
부대앞,1
덕풍농협,1
풍림3단지정문,1
우림아파트,1
아이아사거리,1
청소년수련원,1
종합운동장사거리,3
호반22단지정문,1
명학대교,1
삼풍전선,2
경일초등학교,1
하천산책로앞,1
선동초교앞,1
요꼴낚시터,2
(구)화성동부경찰서,2
둔전,1
신동초등학교,2
묘봉2리.곽터,1
오야동.신촌동주민센터,1
동부차고지(경유),3
서해그랑블,1
선부고등학교,1
옥길약수터,1
부대앞,1
남문터널,1
본오아파트종점,1
조남초.조남중,1
포곡고등학교,1
영남교(경유),1
분당중앙고등학교,1
한라비발디아파트,3
평촌공고,1
안양사거리.청원놀이터,1
대보산업,1
복지회관.하남경찰서.등기소.마루공원,1
칠보초등학교,1
한성아파트사거리,1
효성백년가약,1
탄벌중학교,1
두현리하삼,1
송산주공1.9단지,1
정천초등학교.천천푸르지오,1
두산아파트.벽산아파트,1
김포풍무푸르지오1차,1
롯데프리미엄아울렛,1
탄벌동우림아파트,1
팰리스카운티.부천서초교입구,1
오포도서관.오포농협,1
광남새마을금고,1
시흥사거리,1
삼천리마을입구,1
현대상가,1
자동차검사소.한주아파트,1
가운지구입구,1
무갑리사거리,1
삼지금속맞은편,1
양지편,1
평택공단후문,1
부천고교.현대아파트,2
양지사거리,1
에이스아파트,1
대우아파트.장곡중학교,1
시흥시청삼거리,2
모란역.모란시장입구.풍생고,3
동부동주민센터,1
동막,1
진위면신리,1
노동리,1
평내신명.대주.금호아파트,1
사동행정복지센터,1
푸른마을주공5단지,1
매산2리앞,1
시곡중학교,1
사능공업사,1
오뚜기식품삼거리,1
시낭운동장,1
화정동단독주택단지,1
도촌초등학교.도촌종합사회복지관,1
새빛초등학교.광교상록자이,2
한원IC,1
어비리.장율,2
덕이중학교,1
상감천마을,1
남양뉴타운4단지,1
수정마을.쌍용예가,1
중산중학교.중산마을5단지,1
육일2리.코스코밸리,1
성남시내버스차고지,1
하안3동주민센터.하안주공7.8단지,1
주북리,1
은석교사거리,1
대양2리,1
용마신현타운3차,1
시흥푸르지오6차1단지후문,1
소사어울마당사거리,1
나이키전원주택입구,1
캐널시티,1
거모동동보아파트,1
사창4리,1
윗내유동.희망양로원,1
요꼴낚시터,1
독점말,1
희망대공원,2
소만마을(중),1
연꽃마을금호아파트,1
기흥구청,1
안성종합운동장,1
거리실,1
갈평입구,2
용마초교,1
대방아파트,1
KT부천지사,1
농수산물시장,1
능실마을16단지,1
송전터미널,1
천리국민주택,1
양수역,1
위례자이,1
두산위브아파트,1
초성4리.법수동,1
환경사업소,1
삼화아파트,1
위시티주상복합단지,1
푸른마을.두산위브,1
지현마을.남양주공고,2
명문가든,1
기영아파트,1
광명시청,1
능곡시장,1
덕풍지구대,1
무태안.대교아파트,1
평내호평역,1
월롱역,1
사랑마을벽산.선경.삼익아파트,1
직동1리.새말,1
신광마을입구.진접센트레빌시티,1
미송아파트,1
원평동주민센터.평택초교,1
문촌마을(중),1
에이스카운티,1
대야미입구,1
위례힐스테이트후문.위례한빛초등학교,1
공단농협사거리,1
수자원공사입구,1
배탈고개.일신건영아파트,2
쌍용예가아파트,1
우성아파트104동앞,1
분당중앙공원,1
의정부지방법원.검찰청앞,1
이곡마을6단지,1
광주하남교육청,1
두창저수지,1
상동역5번출구.상동지하차도,1
상덕,1
용소2리,1
일동한일마트,1
백석7블록,1
보통리입구,1
마명리입구,1
남양휴튼아파트.진접우체국.풍양보건소입구,1
대공원고가교(경유),1
경원여객차고지(경유),1
도로공원,2
신영프로방스.현대물류센타,1
자경마을.석수스마트타운,1
주공1단지,1
지제역차고지,1
장외리.오리골,1
단원마을,1
석수동버스공영차고지,1
원일중학교건너편,1
한아름마을.반달마을,1
미사파출소.종합운동장,1
오이도종합어시장,1
일산병원,1
원당전원마을,1
갈곶동.오산,1
파라다이스아파트앞,1
평내신명.대주.금호아파트,1
삼성아파트.대우아파트,1
신백현초등학교,1
양지마을,2
천리신미주아파트,1
은행동입구,1
등자리,1
삼산체육관역.영상문화단지정문,1
기숙사,1
고려빌라,1
죽산삼거리,1
송담대사거리(경유),1
운악산입구,1
문형3리되치미,1
군포보건소,1
성우2단지아파트,1
상원여중,1
빙그레앞,1
왕산초등학교.모현,1
밀알교회.구리사회복지관,1
검배사거리,1
지엔지,1
동아아파트,1
당동주공아파트,1
옥도골,1
중앙병원입구.송내자이아파트,1
큰골,1
계룡2단지,1
하나로마트,1
삼익아파트,1
양곡주공아파트,1
오성산업단지,1
안양시자원회수시설,1
율동공원,1
독성2리,1
수택고교.SK신일.우남아파트,1
대우아파트,1
동창마을.한진.금호아파트,1
검단산입구.한국애니메이션고교,1
아파트형공장,2
성은식품,1
뉴젠스,2
시화병원,1
문형교차로,1
하안주공513동,1
홈플러스,2
진안사거리,1
천리입구,1
양우아파트,1
성포주공11단지,1
법원리우체국,1
고림고등학교,1
목련마을주공1단지,1
수자인.호반아파트,1
장명초등학교,1
포일운동장앞,1
공구상가.부천천문과학관,1
삼송역사거리.지축차량기지입구,1
서울시립승화원,1
황산,1
한림아파트,1
은하쌍용아파트,1
청실빌라,1
어연1리,1
방혜동입구,1
창말,1
예당마을,1
화산2리,1
서울정밀,1
안산동주민센터,1